{
  "context_length": 512,
  "horizon": 3,
  "feature_cols": [
    "open",
    "high",
    "low",
    "volume"
  ],
  "use_future_covariates": false,
  "cross_learning": false,
  "starting_capital": 100000.0,
  "threshold": 0.005,
  "fee_rate": 0.001,
  "runtime_seconds": 324.4182888751384,
  "model_path": "amazon/chronos-2",
  "n_windows_total": 9486,
  "n_windows_kept": 9486,
  "device": "cpu",
  "equity_no_tc": 394132.78417044866,
  "equity_tc": 5441.018569678607,
  "fee": 0.0,
  "cum_fee": 169303.7631390057,
  "final_equity_no_tc": 394132.78417044866,
  "final_equity_tc": 5441.018569678607,
  "total_fees_paid": 169303.7631390057,
  "arc": 2.5520512871950434,
  "asd": 0.6189287264640221,
  "mdd": 0.2405437305147814,
  "ir_star": 4.1233363036404365,
  "ir_starstar": 43.74658070997611,
  "pct_long": 0.17142857142857143,
  "pct_short": 0.14443858724301528,
  "pct_flat": 0.6841328413284132,
  "trades_long": 1099,
  "trades_short": 1041,
  "trades_flat": 1561,
  "trades_total": 3701
}