{
  "context_length": 1024,
  "horizon": 20,
  "normalize_inputs": true,
  "starting_capital": 100000.0,
  "threshold": 0.01,
  "fee_rate": 0.001,
  "runtime_seconds": 1006.695190041035,
  "equity_no_tc": 182427.35902246373,
  "equity_tc": 31480.309428571203,
  "fee": 0.0,
  "cum_fee": 109526.86269926451,
  "final_equity_no_tc": 182427.35902246373,
  "final_equity_tc": 31480.309428571203,
  "total_fees_paid": 109526.86269926451,
  "arc": 0.801132839522585,
  "asd": 0.3899648669926084,
  "mdd": 0.22134774545200808,
  "ir_star": 2.054371835342208,
  "ir_starstar": 7.435470998460068,
  "pct_long": 0.06018311746315319,
  "pct_short": 0.0531487271103171,
  "pct_flat": 0.8866681554265297,
  "trades_long": 447,
  "trades_short": 431,
  "trades_flat": 767,
  "trades_total": 1645
}