{
  "model_family": "moirai",
  "model_id": "Salesforce/moirai-1.1-R-small",
  "context_length": 512,
  "horizon": 5,
  "patch_size": 16,
  "num_samples": 20,
  "batch_size": 4,
  "starting_capital": 100000.0,
  "threshold": 0.005,
  "fee_rate": 0.001,
  "runtime_seconds": 152.7909167080652,
  "equity_no_tc": 179464.03505023872,
  "equity_tc": 1614.2715219814463,
  "fee": 1.615887409390837,
  "cum_fee": 149294.2874236688,
  "final_equity_no_tc": 179464.03505023872,
  "final_equity_tc": 1614.2715219814463,
  "total_fees_paid": 149294.2874236688,
  "arc": 0.7169973777606455,
  "asd": 0.662064826369569,
  "mdd": 0.47977822189905595,
  "ir_star": 1.0829715598883256,
  "ir_starstar": 1.6184306272923248,
  "pct_long": 0.23273225772434883,
  "pct_short": 0.15195613202573025,
  "pct_flat": 0.6153116102499209,
  "trades_long": 1286,
  "trades_short": 1068,
  "trades_flat": 1620,
  "trades_total": 3974
}