model_family,model_id,context_length,horizon,patch_size,num_samples,batch_size,starting_capital,threshold,fee_rate,runtime_seconds,equity_no_tc,equity_tc,fee,cum_fee,final_equity_no_tc,final_equity_tc,total_fees_paid,arc,asd,mdd,ir_star,ir_starstar,pct_long,pct_short,pct_flat,trades_long,trades_short,trades_flat,trades_total,run_name
moirai,Salesforce/moirai-1.1-R-small,512,5,16,20,4,100000.0,0.005,0.001,152.7909167080652,179464.03505023872,1614.2715219814463,1.615887409390837,149294.2874236688,179464.03505023872,1614.2715219814463,149294.2874236688,0.7169973777606455,0.662064826369569,0.47977822189905595,1.0829715598883256,1.6184306272923248,0.23273225772434883,0.15195613202573025,0.6153116102499209,1286,1068,1620,3974,ctx512_h5_ps16_ns20
