{
  "context_length": 512,
  "horizon": 5,
  "normalize_inputs": true,
  "batch_size": 128,
  "starting_capital": 100000.0,
  "threshold": 0.005,
  "fee_rate": 0.001,
  "runtime_seconds": 27.68491137516685,
  "repo_id": "AutonLab/MOMENT-1-small",
  "mu": 7045.29931640625,
  "sigma": 2598.298583984375,
  "equity_no_tc": 24145.049017406975,
  "equity_tc": 18118.231919219943,
  "fee": 0.0,
  "cum_fee": 9488.076398778188,
  "final_equity_no_tc": 24145.049017406975,
  "final_equity_tc": 18118.231919219943,
  "total_fees_paid": 9488.076398778188,
  "arc": -0.7311540197020849,
  "asd": 0.819429366616833,
  "mdd": 0.8189943762309616,
  "ir_star": -0.8922721707189855,
  "ir_starstar": -0.7965724835520892,
  "pct_long": 0.5919012970578931,
  "pct_short": 0.3312242961088263,
  "pct_flat": 0.0768744068332806,
  "trades_long": 76,
  "trades_short": 68,
  "trades_flat": 126,
  "trades_total": 270
}