{
  "context_length": 128,
  "horizon": 1,
  "normalize_inputs": true,
  "starting_capital": 100000.0,
  "threshold": 0.01,
  "fee_rate": 0.001,
  "runtime_seconds": 742.7208780410001,
  "equity_no_tc": 136097.9881955253,
  "equity_tc": 12679.530706291669,
  "fee": 0.0,
  "cum_fee": 97669.53269731607,
  "final_equity_no_tc": 136097.9881955253,
  "final_equity_tc": 12679.530706291669,
  "total_fees_paid": 97669.53269731607,
  "arc": 0.3148171457918967,
  "asd": 0.5494116428777518,
  "mdd": 0.2602485770404386,
  "ir_star": 0.5730077800006613,
  "ir_starstar": 0.6931552743449929,
  "pct_long": 0.08742781886333705,
  "pct_short": 0.06757167460237058,
  "pct_flat": 0.8450005065342924,
  "trades_long": 638,
  "trades_short": 548,
  "trades_flat": 987,
  "trades_total": 2173
}