{
  "context_length": 512,
  "horizon": 1,
  "batch_size": 8,
  "starting_capital": 100000.0,
  "threshold": 0.005,
  "fee_rate": 0.001,
  "runtime_seconds": 69.24222358316183,
  "model_path": "Datadog/Toto-Open-Base-1.0",
  "equity_no_tc": 631315.1924648604,
  "equity_tc": 8381.073202038408,
  "fee": 8.375989571268175,
  "cum_fee": 195224.30073853434,
  "final_equity_no_tc": 631315.1924648604,
  "final_equity_tc": 8381.073202038408,
  "total_fees_paid": 195224.30073853434,
  "arc": 4.487990554830634,
  "asd": 0.6037628494767018,
  "mdd": 0.298717167654858,
  "ir_star": 7.433366525814733,
  "ir_starstar": 111.68048699831122,
  "pct_long": 0.14978391483082112,
  "pct_short": 0.14166754506166332,
  "pct_flat": 0.7085485401075156,
  "trades_long": 1083,
  "trades_short": 1077,
  "trades_flat": 1492,
  "trades_total": 3652
}