{
  "context_length": 512,
  "horizon": 3,
  "prediction_length": 96,
  "scale_inputs": false,
  "starting_capital": 100000.0,
  "threshold": 0.005,
  "fee_rate": 0.001,
  "runtime_seconds": 40.15630108299956,
  "model_path": "ibm-granite/granite-timeseries-ttm-r2",
  "equity_no_tc": 193682.65058140698,
  "equity_tc": 8545.081449792595,
  "fee": 8.539898338042446,
  "cum_fee": 131406.70402492542,
  "final_equity_no_tc": 193682.65058140698,
  "final_equity_tc": 8545.081449792595,
  "total_fees_paid": 131406.70402492542,
  "arc": 0.8421401794426777,
  "asd": 0.7300136312621811,
  "mdd": 0.32771839642686196,
  "ir_star": 1.1535951431299052,
  "ir_starstar": 2.964401240308249,
  "pct_long": 0.3037427517132314,
  "pct_short": 0.21823932525039536,
  "pct_flat": 0.4780179230363732,
  "trades_long": 822,
  "trades_short": 738,
  "trades_flat": 1255,
  "trades_total": 2815
}