{
  "context_length": 512,
  "horizon": 3,
  "num_samples": 20,
  "starting_capital": 100000.0,
  "threshold": 0.005,
  "fee_rate": 0.001,
  "runtime_seconds": 657.3142010829179,
  "model_path": "amazon/chronos-t5-mini",
  "equity_no_tc": 549221.4781019951,
  "equity_tc": 3350.4120696116397,
  "fee": 0.0,
  "cum_fee": 205659.97694580868,
  "final_equity_no_tc": 549221.4781019951,
  "final_equity_tc": 3350.4120696116397,
  "total_fees_paid": 205659.97694580868,
  "arc": 3.826782472871554,
  "asd": 0.6308644670470603,
  "mdd": 0.22794706598485392,
  "ir_star": 6.065934400749962,
  "ir_starstar": 101.83509643384033,
  "pct_long": 0.17627833421191355,
  "pct_short": 0.16267791249341065,
  "pct_flat": 0.6610437532946758,
  "trades_long": 1281,
  "trades_short": 1267,
  "trades_flat": 1681,
  "trades_total": 4229
}