{
  "context_length": 512,
  "horizon": 3,
  "num_samples": 5,
  "starting_capital": 100000.0,
  "threshold": 0.005,
  "fee_rate": 0.001,
  "runtime_seconds": 309.1940026250086,
  "model_path": "amazon/chronos-t5-mini",
  "equity_no_tc": 586636.6764034942,
  "equity_tc": 2900.328640996872,
  "fee": 0.0,
  "cum_fee": 222756.87110905483,
  "final_equity_no_tc": 586636.6764034942,
  "final_equity_tc": 2900.328640996872,
  "total_fees_paid": 222756.87110905483,
  "arc": 4.129904099799109,
  "asd": 0.6390425923526467,
  "mdd": 0.31489552449885294,
  "ir_star": 6.462642943085833,
  "ir_starstar": 84.75857390689968,
  "pct_long": 0.19051133368476542,
  "pct_short": 0.17743806009488666,
  "pct_flat": 0.6320506062203479,
  "trades_long": 1340,
  "trades_short": 1313,
  "trades_flat": 1728,
  "trades_total": 4381
}