{
  "context_length": 512,
  "horizon": 5,
  "num_samples": 5,
  "starting_capital": 100000.0,
  "threshold": 0.005,
  "fee_rate": 0.001,
  "runtime_seconds": 349.383304374991,
  "model_path": "amazon/chronos-t5-mini",
  "equity_no_tc": 318555.6343630028,
  "equity_tc": 1465.4471981748788,
  "fee": 0.0,
  "cum_fee": 155967.43833724142,
  "final_equity_no_tc": 318555.6343630028,
  "final_equity_tc": 1465.4471981748788,
  "total_fees_paid": 155967.43833724142,
  "arc": 1.9183031973041813,
  "asd": 0.6590258325250026,
  "mdd": 0.2838515264260377,
  "ir_star": 2.9108163938799825,
  "ir_starstar": 19.67165181547952,
  "pct_long": 0.19550775071180007,
  "pct_short": 0.17990087525044818,
  "pct_flat": 0.6245913740377518,
  "trades_long": 1374,
  "trades_short": 1315,
  "trades_flat": 1745,
  "trades_total": 4434
}