{
  "context_length": 512,
  "horizon": 20,
  "num_samples": 5,
  "starting_capital": 100000.0,
  "threshold": 0.005,
  "fee_rate": 0.001,
  "runtime_seconds": 794.8566198330082,
  "model_path": "amazon/chronos-t5-mini",
  "equity_no_tc": 186822.94297511302,
  "equity_tc": 1012.7169501611445,
  "fee": 0.0,
  "cum_fee": 111693.05317933529,
  "final_equity_no_tc": 186822.94297511302,
  "final_equity_tc": 1012.7169501611445,
  "total_fees_paid": 111693.05317933529,
  "arc": 0.783610397254771,
  "asd": 0.6398162248353714,
  "mdd": 0.43461635109090546,
  "ir_star": 1.2247429290440373,
  "ir_starstar": 2.2082033746641807,
  "pct_long": 0.19275454161385722,
  "pct_short": 0.17300380228136883,
  "pct_flat": 0.634241656104774,
  "trades_long": 1332,
  "trades_short": 1275,
  "trades_flat": 1693,
  "trades_total": 4300
}