{
  "context_length": 512,
  "horizon": 20,
  "normalize_inputs": true,
  "batch_size": 128,
  "starting_capital": 100000.0,
  "threshold": 0.005,
  "fee_rate": 0.001,
  "runtime_seconds": 27.709344791946933,
  "repo_id": "AutonLab/MOMENT-1-small",
  "mu": 7045.29931640625,
  "sigma": 2598.298583984375,
  "equity_no_tc": 24257.27764214026,
  "equity_tc": 18202.447289809035,
  "fee": 0.0,
  "cum_fee": 9488.076398778188,
  "final_equity_no_tc": 24257.27764214026,
  "final_equity_tc": 18202.447289809035,
  "total_fees_paid": 9488.076398778188,
  "arc": -0.7305586015879127,
  "asd": 0.8199885338471473,
  "mdd": 0.8189943762309616,
  "ir_star": -0.8909375819687925,
  "ir_starstar": -0.794733313042536,
  "pct_long": 0.5928390367553865,
  "pct_short": 0.33016476552598223,
  "pct_flat": 0.07699619771863118,
  "trades_long": 76,
  "trades_short": 68,
  "trades_flat": 126,
  "trades_total": 270
}