{
  "context_length": 512,
  "horizon": 5,
  "batch_size": 8,
  "starting_capital": 100000.0,
  "threshold": 0.005,
  "fee_rate": 0.001,
  "runtime_seconds": 62.661784374853596,
  "model_path": "Datadog/Toto-Open-Base-1.0",
  "equity_no_tc": 520823.7343649627,
  "equity_tc": 18997.628876009538,
  "fee": 18.986105658351434,
  "cum_fee": 213995.90711973733,
  "final_equity_no_tc": 520823.7343649627,
  "final_equity_tc": 18997.628876009538,
  "total_fees_paid": 213995.90711973733,
  "arc": 3.597152411092928,
  "asd": 0.7208470508398082,
  "mdd": 0.3491855531720125,
  "ir_star": 4.990174277472786,
  "ir_starstar": 51.40652948245707,
  "pct_long": 0.2855636401982495,
  "pct_short": 0.27143309079405253,
  "pct_flat": 0.443003269007698,
  "trades_long": 831,
  "trades_short": 824,
  "trades_flat": 1213,
  "trades_total": 2868
}