{
  "context_length": 512,
  "horizon": 5,
  "num_samples": 10,
  "starting_capital": 100000.0,
  "threshold": 0.005,
  "fee_rate": 0.001,
  "runtime_seconds": 468.8424177079869,
  "model_path": "amazon/chronos-t5-mini",
  "equity_no_tc": 654016.1028949962,
  "equity_tc": 3950.0473692924675,
  "fee": 0.0,
  "cum_fee": 204634.54295144536,
  "final_equity_no_tc": 654016.1028949962,
  "final_equity_tc": 3950.0473692924675,
  "total_fees_paid": 204634.54295144536,
  "arc": 4.6742327582341705,
  "asd": 0.6308841466632115,
  "mdd": 0.3158419983659999,
  "ir_star": 7.409019204170054,
  "ir_starstar": 109.64811662059752,
  "pct_long": 0.18084994200147633,
  "pct_short": 0.16239586628703997,
  "pct_flat": 0.6567541917114837,
  "trades_long": 1292,
  "trades_short": 1261,
  "trades_flat": 1705,
  "trades_total": 4258
}