{
  "context_length": 512,
  "horizon": 3,
  "batch_size": 8,
  "starting_capital": 100000.0,
  "threshold": 0.005,
  "fee_rate": 0.001,
  "runtime_seconds": 60.35112620820291,
  "model_path": "Datadog/Toto-Open-Base-1.0",
  "equity_no_tc": 383817.78544678295,
  "equity_tc": 11324.918183785257,
  "fee": 0.0,
  "cum_fee": 169529.93332855953,
  "final_equity_no_tc": 383817.78544678295,
  "final_equity_tc": 11324.918183785257,
  "total_fees_paid": 169529.93332855953,
  "arc": 2.466051803214801,
  "asd": 0.6945173068949297,
  "mdd": 0.2190543547866035,
  "ir_star": 3.550742045925543,
  "ir_starstar": 39.97324697623769,
  "pct_long": 0.23521349499209276,
  "pct_short": 0.22920400632577753,
  "pct_flat": 0.5355824986821297,
  "trades_long": 865,
  "trades_short": 896,
  "trades_flat": 1360,
  "trades_total": 3121
}