{
  "context_length": 512,
  "horizon": 1,
  "normalize_inputs": true,
  "batch_size": 128,
  "starting_capital": 100000.0,
  "threshold": 0.005,
  "fee_rate": 0.001,
  "runtime_seconds": 26.84703275002539,
  "repo_id": "AutonLab/MOMENT-1-small",
  "mu": 7045.29931640625,
  "sigma": 2598.298583984375,
  "equity_no_tc": 24317.314230256343,
  "equity_tc": 18247.498216247066,
  "fee": 0.0,
  "cum_fee": 9488.076398778188,
  "final_equity_no_tc": 24317.314230256343,
  "final_equity_tc": 18247.498216247066,
  "total_fees_paid": 9488.076398778188,
  "arc": -0.7292322755283538,
  "asd": 0.8192890325972593,
  "mdd": 0.8189943762309616,
  "ir_star": -0.8900793816519024,
  "ir_starstar": -0.7925263368351185,
  "pct_long": 0.5916517339517234,
  "pct_short": 0.3315062717402762,
  "pct_flat": 0.07684199430800043,
  "trades_long": 76,
  "trades_short": 68,
  "trades_flat": 126,
  "trades_total": 270
}