{
  "context_length": 512,
  "horizon": 3,
  "num_samples": 10,
  "starting_capital": 100000.0,
  "threshold": 0.005,
  "fee_rate": 0.001,
  "runtime_seconds": 389.761469916004,
  "model_path": "amazon/chronos-t5-mini",
  "equity_no_tc": 714904.9129577997,
  "equity_tc": 4512.124736933358,
  "fee": 0.0,
  "cum_fee": 227192.48013953964,
  "final_equity_no_tc": 714904.9129577997,
  "final_equity_tc": 4512.124736933358,
  "total_fees_paid": 227192.48013953964,
  "arc": 5.158525133980637,
  "asd": 0.627167410285786,
  "mdd": 0.2597417813092786,
  "ir_star": 8.225116690342716,
  "ir_starstar": 163.35250710602892,
  "pct_long": 0.17775434897206116,
  "pct_short": 0.16615709014233,
  "pct_flat": 0.6560885608856089,
  "trades_long": 1277,
  "trades_short": 1254,
  "trades_flat": 1684,
  "trades_total": 4215
}