context_length,horizon,freq,num_samples,rope_scale,starting_capital,threshold,fee_rate,runtime_seconds,equity_no_tc,equity_tc,fee,cum_fee,final_equity_no_tc,final_equity_tc,total_fees_paid,arc,asd,mdd,ir_star,ir_starstar,pct_long,pct_short,pct_flat,trades_long,trades_short,trades_flat,trades_total,run_name
512,20,1H,5,1.5,100000.0,0.005,0.001,3020.471549083013,19441.336823422946,14735.388017061425,0.0,9644.7927392911,19441.336823422946,14735.388017061425,9644.7927392911,-0.7804786912406413,0.8136365793528649,0.8239439597794843,-0.9592472991583095,-0.9086444141462822,0.5783692437684833,0.33935361216730037,0.08227714406421631,65,74,127,266,ctx512_h20_s5_rope1.5
