context_length,horizon,feature_cols,use_future_covariates,cross_learning,starting_capital,threshold,fee_rate,runtime_seconds,model_path,n_windows_total,n_windows_kept,device,equity_no_tc,equity_tc,fee,cum_fee,final_equity_no_tc,final_equity_tc,total_fees_paid,arc,asd,mdd,ir_star,ir_starstar,pct_long,pct_short,pct_flat,trades_long,trades_short,trades_flat,trades_total,data_rows,run_name
512,1,"['open', 'high', 'low', 'volume']",False,False,100000.0,0.005,0.001,320.0567482081242,amazon/chronos-2,9488,9488,cpu,394132.78417044866,5441.018569678607,0.0,169303.7631390057,394132.78417044866,5441.018569678607,169303.7631390057,2.551102259418007,0.6188635247880954,0.2405437305147814,4.122237225552318,43.718656385090505,0.17139243174870875,0.14440813745124909,0.6841994308000422,1099,1041,1561,3701,10000,ctx512_h1_cov4_fut0
512,3,"['open', 'high', 'low', 'volume']",False,False,100000.0,0.005,0.001,324.4182888751384,amazon/chronos-2,9486,9486,cpu,394132.78417044866,5441.018569678607,0.0,169303.7631390057,394132.78417044866,5441.018569678607,169303.7631390057,2.5520512871950434,0.6189287264640221,0.2405437305147814,4.1233363036404365,43.74658070997611,0.17142857142857143,0.14443858724301528,0.6841328413284132,1099,1041,1561,3701,10000,ctx512_h3_cov4_fut0
512,5,"['open', 'high', 'low', 'volume']",False,False,100000.0,0.005,0.001,345.1032152080443,amazon/chronos-2,9484,9484,cpu,394132.78417044866,5446.46503471332,5.419940672192398,169298.31667397098,394132.78417044866,5446.46503471332,169298.31667397098,2.55300096906609,0.6189939487526644,0.2405437305147814,4.124436069545826,43.77453222275765,0.17146472635242013,0.14446904987873035,0.6840662237688495,1099,1041,1560,3700,10000,ctx512_h5_cov4_fut0
512,20,"['open', 'high', 'low', 'volume']",False,False,100000.0,0.005,0.001,358.90765762492083,amazon/chronos-2,9469,9469,cpu,381865.4356074129,5531.000425691174,0.0,171130.4956155578,381865.4356074129,5531.000425691174,171130.4956155578,2.4574335584469758,0.6180240652311695,0.2420534329717734,3.976274868079421,40.36890193400879,0.16624419095901985,0.1438529784537389,0.6899028305872412,1086,1030,1535,3651,10000,ctx512_h20_cov4_fut0
