{
  "context_length": 512,
  "horizon": 20,
  "prediction_length": 96,
  "scale_inputs": false,
  "starting_capital": 100000.0,
  "threshold": 0.005,
  "fee_rate": 0.001,
  "runtime_seconds": 40.2711439160048,
  "model_path": "ibm-granite/granite-timeseries-ttm-r2",
  "equity_no_tc": 24265.665889229713,
  "equity_tc": 6124.086958627349,
  "fee": 0.0,
  "cum_fee": 34886.59425315578,
  "final_equity_no_tc": 24265.665889229713,
  "final_equity_tc": 6124.086958627349,
  "total_fees_paid": 34886.59425315578,
  "arc": -0.7304723390541226,
  "asd": 0.7921744507935468,
  "mdd": 0.8322575149685856,
  "ir_star": -0.9221104496899449,
  "ir_starstar": -0.8093362510240449,
  "pct_long": 0.45310519645120406,
  "pct_short": 0.36089987325728773,
  "pct_flat": 0.18599493029150824,
  "trades_long": 343,
  "trades_short": 345,
  "trades_flat": 544,
  "trades_total": 1232
}