{
  "context_length": 512,
  "horizon": 5,
  "prediction_length": 96,
  "scale_inputs": false,
  "starting_capital": 100000.0,
  "threshold": 0.005,
  "fee_rate": 0.001,
  "runtime_seconds": 40.23729916701268,
  "model_path": "ibm-granite/granite-timeseries-ttm-r2",
  "equity_no_tc": 244406.8306983875,
  "equity_tc": 17136.946603563556,
  "fee": 0.0,
  "cum_fee": 165175.76910742573,
  "final_equity_no_tc": 244406.8306983875,
  "final_equity_tc": 17136.946603563556,
  "total_fees_paid": 165175.76910742573,
  "arc": 1.284341959326189,
  "asd": 0.741623647468367,
  "mdd": 0.35536610477607067,
  "ir_star": 1.7317974739754656,
  "ir_starstar": 6.2589541630126995,
  "pct_long": 0.33818411894969946,
  "pct_short": 0.26046609722661607,
  "pct_flat": 0.40134978382368447,
  "trades_long": 700,
  "trades_short": 628,
  "trades_flat": 1060,
  "trades_total": 2388
}