{
  "model_family": "moirai",
  "model_id": "Salesforce/moirai-1.1-R-small",
  "context_length": 512,
  "horizon": 1,
  "patch_size": 16,
  "num_samples": 5,
  "batch_size": 4,
  "starting_capital": 100000.0,
  "threshold": 0.005,
  "fee_rate": 0.001,
  "runtime_seconds": 76.3858165841084,
  "equity_no_tc": 215159.03258749165,
  "equity_tc": 1181.5833569579372,
  "fee": 0.0,
  "cum_fee": 152548.26687123012,
  "final_equity_no_tc": 215159.03258749165,
  "final_equity_tc": 1181.5833569579372,
  "total_fees_paid": 152548.26687123012,
  "arc": 1.0298500745606796,
  "asd": 0.6811787253349089,
  "mdd": 0.36251985845383183,
  "ir_star": 1.5118647078332381,
  "ir_starstar": 4.294920528570185,
  "pct_long": 0.24855064825550754,
  "pct_short": 0.1739222093390956,
  "pct_flat": 0.5775271424053968,
  "trades_long": 1394,
  "trades_short": 1207,
  "trades_flat": 1682,
  "trades_total": 4283
}