model_family,model_id,context_length,horizon,patch_size,num_samples,batch_size,starting_capital,threshold,fee_rate,runtime_seconds,equity_no_tc,equity_tc,fee,cum_fee,final_equity_no_tc,final_equity_tc,total_fees_paid,arc,asd,mdd,ir_star,ir_starstar,pct_long,pct_short,pct_flat,trades_long,trades_short,trades_flat,trades_total,run_name
moirai,Salesforce/moirai-1.1-R-small,512,1,16,5,4,100000.0,0.005,0.001,76.3858165841084,215159.03258749165,1181.5833569579372,0.0,152548.26687123012,215159.03258749165,1181.5833569579372,152548.26687123012,1.0298500745606796,0.6811787253349089,0.36251985845383183,1.5118647078332381,4.294920528570185,0.24855064825550754,0.1739222093390956,0.5775271424053968,1394,1207,1682,4283,ctx512_h1_ps16_ns5
