{
  "context_length": 1024,
  "horizon": 3,
  "normalize_inputs": true,
  "starting_capital": 100000.0,
  "threshold": 0.01,
  "fee_rate": 0.001,
  "runtime_seconds": 972.0330122499727,
  "equity_no_tc": 182427.35902246373,
  "equity_tc": 31480.309428571203,
  "fee": 0.0,
  "cum_fee": 109526.86269926451,
  "final_equity_no_tc": 182427.35902246373,
  "final_equity_tc": 31480.309428571203,
  "total_fees_paid": 109526.86269926451,
  "arc": 0.7991260617226377,
  "asd": 0.3895954059444471,
  "mdd": 0.22134774545200808,
  "ir_star": 2.0511691091054245,
  "ir_starstar": 7.4052829801329185,
  "pct_long": 0.06006909617742115,
  "pct_short": 0.05304803298785245,
  "pct_flat": 0.8868828708347264,
  "trades_long": 447,
  "trades_short": 431,
  "trades_flat": 767,
  "trades_total": 1645
}