variant,threshold,final_equity_no_tc,final_equity_tc,total_fees_paid,arc,asd,mdd,ir_star,ir_starstar,pct_long,pct_short,pct_flat,trades_long,trades_short,trades_flat,trades_total
step1,0.01,145968.4645126559,44823.433417266315,80314.31912829507,0.5172933841168592,0.35063698268818216,0.2107546941522198,1.4752961314890245,3.6210862657287595,0.0471579476861167,0.03860663983903421,0.9142354124748491,312.0,278.0,521.0,1111.0
step1,0.015,118903.18155411517,60822.28807685508,53209.16389440524,0.21028845955952247,0.24419658443954945,0.18398135139636196,0.8611441476225034,0.9842773459800507,0.02640845070422535,0.01936619718309859,0.954225352112676,191.0,144.0,317.0,652.0
step1,0.02,119700.34011074077,80220.75744984784,35431.078488321014,0.21923602684078403,0.2039373946177502,0.1020131073850612,1.0750163169030809,2.310313960119187,0.015467806841046278,0.011695171026156942,0.9728370221327968,113.0,87.0,191.0,391.0
step1,0.025,120654.16163075507,93953.33205410597,23711.83421463245,0.2299500436487274,0.1635219886539456,0.10052125442799908,1.4062331649804025,3.216865721658387,0.009054325955734407,0.007922535211267605,0.983023138832998,66.0,59.0,120.0,245.0
step1,0.03,108920.53059719363,92437.56822296618,15236.698602272754,0.09877208518898994,0.1473553355984442,0.11999055859708707,0.6702986680994862,0.5517667216626843,0.006036217303822937,0.0051559356136820925,0.9888078470824949,45.0,37.0,79.0,161.0
