{
  "context_length": 512,
  "horizon": 1,
  "normalize_inputs": true,
  "starting_capital": 100000.0,
  "threshold": 0.01,
  "fee_rate": 0.001,
  "runtime_seconds": 642.4083436250221,
  "equity_no_tc": 200215.05495710953,
  "equity_tc": 24438.456992788728,
  "fee": 0.0,
  "cum_fee": 107419.96238592613,
  "final_equity_no_tc": 200215.05495710953,
  "final_equity_tc": 24438.456992788728,
  "total_fees_paid": 107419.96238592613,
  "arc": 0.8992303427887935,
  "asd": 0.48234366573904375,
  "mdd": 0.21675239356878284,
  "ir_star": 1.8642938772938975,
  "ir_starstar": 7.734307311379483,
  "pct_long": 0.07431221671761358,
  "pct_short": 0.058184884578897436,
  "pct_flat": 0.867502898703489,
  "trades_long": 559,
  "trades_short": 492,
  "trades_flat": 869,
  "trades_total": 1920
}