{
  "model_family": "moirai",
  "model_id": "Salesforce/moirai-1.1-R-small",
  "context_length": 512,
  "horizon": 5,
  "patch_size": 16,
  "num_samples": 10,
  "batch_size": 4,
  "starting_capital": 100000.0,
  "threshold": 0.005,
  "fee_rate": 0.001,
  "runtime_seconds": 104.89626466715708,
  "equity_no_tc": 113308.49820039741,
  "equity_tc": 918.4047506510724,
  "fee": 0.9193240747257981,
  "cum_fee": 143487.40812598146,
  "final_equity_no_tc": 113308.49820039741,
  "final_equity_tc": 918.4047506510724,
  "total_fees_paid": 143487.40812598146,
  "arc": 0.12242859479349755,
  "asd": 0.6692441555891914,
  "mdd": 0.5836166722447422,
  "ir_star": 0.1829356203876199,
  "ir_starstar": 0.03837544745867184,
  "pct_long": 0.24201202151217968,
  "pct_short": 0.15849414742170198,
  "pct_flat": 0.5994938310661183,
  "trades_long": 1311,
  "trades_short": 1095,
  "trades_flat": 1584,
  "trades_total": 3990
}