model_family,model_id,context_length,horizon,patch_size,num_samples,batch_size,starting_capital,threshold,fee_rate,runtime_seconds,equity_no_tc,equity_tc,fee,cum_fee,final_equity_no_tc,final_equity_tc,total_fees_paid,arc,asd,mdd,ir_star,ir_starstar,pct_long,pct_short,pct_flat,trades_long,trades_short,trades_flat,trades_total,run_name
moirai,Salesforce/moirai-1.1-R-small,512,5,16,10,4,100000.0,0.005,0.001,104.89626466715708,113308.49820039741,918.4047506510724,0.9193240747257981,143487.40812598146,113308.49820039741,918.4047506510724,143487.40812598146,0.12242859479349755,0.6692441555891914,0.5836166722447422,0.1829356203876199,0.03837544745867184,0.24201202151217968,0.15849414742170198,0.5994938310661183,1311,1095,1584,3990,ctx512_h5_ps16_ns10
