{
  "context_length": 512,
  "horizon": 5,
  "num_samples": 20,
  "starting_capital": 100000.0,
  "threshold": 0.005,
  "fee_rate": 0.001,
  "runtime_seconds": 819.5366212090012,
  "model_path": "amazon/chronos-t5-mini",
  "equity_no_tc": 608866.4271320024,
  "equity_tc": 3952.0583559848988,
  "fee": 0.0,
  "cum_fee": 223629.99866572715,
  "final_equity_no_tc": 608866.4271320024,
  "final_equity_tc": 3952.0583559848988,
  "total_fees_paid": 223629.99866572715,
  "arc": 4.311170245586357,
  "asd": 0.6292593757338254,
  "mdd": 0.24629257925292125,
  "ir_star": 6.851181582409934,
  "ir_starstar": 119.92488882445544,
  "pct_long": 0.1743119266055046,
  "pct_short": 0.1612358958135611,
  "pct_flat": 0.6644521775809343,
  "trades_long": 1259,
  "trades_short": 1258,
  "trades_flat": 1675,
  "trades_total": 4192
}