{
  "context_length": 512,
  "horizon": 1,
  "num_samples": 20,
  "starting_capital": 100000.0,
  "threshold": 0.005,
  "fee_rate": 0.001,
  "runtime_seconds": 482.7513499170309,
  "model_path": "amazon/chronos-t5-mini",
  "equity_no_tc": 520002.889909637,
  "equity_tc": 3351.6725251969065,
  "fee": 0.0,
  "cum_fee": 200384.61094116006,
  "final_equity_no_tc": 520002.889909637,
  "final_equity_tc": 3351.6725251969065,
  "total_fees_paid": 200384.61094116006,
  "arc": 3.5875059477846563,
  "asd": 0.6310112041063805,
  "mdd": 0.2936528292762468,
  "ir_star": 5.685328444944456,
  "ir_starstar": 69.45667665323374,
  "pct_long": 0.17466006113629176,
  "pct_short": 0.16201117318435754,
  "pct_flat": 0.6633287656793507,
  "trades_long": 1263,
  "trades_short": 1258,
  "trades_flat": 1669,
  "trades_total": 4190
}