{
  "context_length": 512,
  "horizon": 3,
  "freq": "1H",
  "num_samples": 20,
  "rope_scale": 1.5,
  "starting_capital": 100000.0,
  "threshold": 0.005,
  "fee_rate": 0.001,
  "runtime_seconds": 489.8852496249601,
  "equity_no_tc": 19412.03092207567,
  "equity_tc": 14713.175870259785,
  "fee": 0.0,
  "cum_fee": 9644.7927392911,
  "final_equity_no_tc": 19412.03092207567,
  "final_equity_tc": 14713.175870259785,
  "total_fees_paid": 9644.7927392911,
  "arc": -0.7801879572451189,
  "asd": 0.8130102653282981,
  "mdd": 0.8239439597794843,
  "ir_star": -0.9596286670870935,
  "ir_starstar": -0.9086670526584247,
  "pct_long": 0.5773326304691618,
  "pct_short": 0.34053769109119664,
  "pct_flat": 0.08212967843964154,
  "trades_long": 65,
  "trades_short": 74,
  "trades_flat": 127,
  "trades_total": 266
}