{
  "context_length": 2048,
  "horizon": 5,
  "normalize_inputs": true,
  "starting_capital": 100000.0,
  "threshold": 0.01,
  "fee_rate": 0.001,
  "runtime_seconds": 1162.861440958979,
  "equity_no_tc": 159349.67705109413,
  "equity_tc": 47107.22930460292,
  "fee": 0.0,
  "cum_fee": 83889.14260780484,
  "final_equity_no_tc": 159349.67705109413,
  "final_equity_tc": 47107.22930460292,
  "total_fees_paid": 83889.14260780484,
  "arc": 0.6718621435312686,
  "asd": 0.347636232837278,
  "mdd": 0.14689504749373483,
  "ir_star": 1.9326585668236562,
  "ir_starstar": 8.839509224949142,
  "pct_long": 0.04567761419403549,
  "pct_short": 0.041776771108594436,
  "pct_flat": 0.9125456146973701,
  "trades_long": 311,
  "trades_short": 298,
  "trades_flat": 544,
  "trades_total": 1153
}