{
  "context_length": 512,
  "horizon": 1,
  "freq": "1H",
  "num_samples": 20,
  "rope_scale": 1.5,
  "starting_capital": 100000.0,
  "threshold": 0.005,
  "fee_rate": 0.001,
  "runtime_seconds": 174.18503275001422,
  "equity_no_tc": 19489.454005898482,
  "equity_tc": 14771.85800677995,
  "fee": 0.0,
  "cum_fee": 9644.7927392911,
  "final_equity_no_tc": 19489.454005898482,
  "final_equity_tc": 14771.85800677995,
  "total_fees_paid": 9644.7927392911,
  "arc": -0.7793075509978659,
  "asd": 0.8129445277684318,
  "mdd": 0.8239439597794843,
  "ir_star": -0.9586232816365701,
  "ir_starstar": -0.9066907440424374,
  "pct_long": 0.5772109202065985,
  "pct_short": 0.3406767155054285,
  "pct_flat": 0.08211236428797301,
  "trades_long": 65,
  "trades_short": 74,
  "trades_flat": 127,
  "trades_total": 266
}