context_length,horizon,freq,num_samples,rope_scale,starting_capital,threshold,fee_rate,runtime_seconds,equity_no_tc,equity_tc,fee,cum_fee,final_equity_no_tc,final_equity_tc,total_fees_paid,arc,asd,mdd,ir_star,ir_starstar,pct_long,pct_short,pct_flat,trades_long,trades_short,trades_flat,trades_total,run_name
512,1,1H,20,1.5,100000.0,0.005,0.001,174.18503275001422,19489.454005898482,14771.85800677995,0.0,9644.7927392911,19489.454005898482,14771.85800677995,9644.7927392911,-0.7793075509978659,0.8129445277684318,0.8239439597794843,-0.9586232816365701,-0.9066907440424374,0.5772109202065985,0.3406767155054285,0.08211236428797301,65,74,127,266,ctx512_h1_s20_rope1.5
