{
  "model_family": "moirai",
  "model_id": "Salesforce/moirai-1.1-R-small",
  "context_length": 512,
  "horizon": 5,
  "patch_size": 16,
  "num_samples": 5,
  "batch_size": 4,
  "starting_capital": 100000.0,
  "threshold": 0.005,
  "fee_rate": 0.001,
  "runtime_seconds": 81.91662033298053,
  "equity_no_tc": 172178.0201198982,
  "equity_tc": 888.6478753016261,
  "fee": 0.0,
  "cum_fee": 139362.76933708412,
  "final_equity_no_tc": 172178.0201198982,
  "final_equity_tc": 888.6478753016261,
  "total_fees_paid": 139362.76933708412,
  "arc": 0.6524609123588094,
  "asd": 0.6908289464747972,
  "mdd": 0.4485838134948791,
  "ir_star": 0.9444608765863468,
  "ir_starstar": 1.3737094087808932,
  "pct_long": 0.2575134451123062,
  "pct_short": 0.17494463777285668,
  "pct_flat": 0.567541917114837,
  "trades_long": 1428,
  "trades_short": 1204,
  "trades_flat": 1683,
  "trades_total": 4315
}