model_family,model_id,context_length,horizon,patch_size,num_samples,batch_size,starting_capital,threshold,fee_rate,runtime_seconds,equity_no_tc,equity_tc,fee,cum_fee,final_equity_no_tc,final_equity_tc,total_fees_paid,arc,asd,mdd,ir_star,ir_starstar,pct_long,pct_short,pct_flat,trades_long,trades_short,trades_flat,trades_total,run_name
moirai,Salesforce/moirai-1.1-R-small,512,5,16,5,4,100000.0,0.005,0.001,81.91662033298053,172178.0201198982,888.6478753016261,0.0,139362.76933708412,172178.0201198982,888.6478753016261,139362.76933708412,0.6524609123588094,0.6908289464747972,0.4485838134948791,0.9444608765863468,1.3737094087808932,0.2575134451123062,0.17494463777285668,0.567541917114837,1428,1204,1683,4315,ctx512_h5_ps16_ns5
