{
  "context_length": 512,
  "horizon": 1,
  "feature_cols": [
    "open",
    "high",
    "low",
    "volume"
  ],
  "use_future_covariates": false,
  "cross_learning": false,
  "starting_capital": 100000.0,
  "threshold": 0.005,
  "fee_rate": 0.001,
  "runtime_seconds": 328.91960804210976,
  "model_path": "amazon/chronos-2",
  "n_windows_total": 9488,
  "n_windows_kept": 9488,
  "device": "cpu",
  "equity_no_tc": 394132.78417044866,
  "equity_tc": 5441.018569678607,
  "fee": 0.0,
  "cum_fee": 169303.7631390057,
  "final_equity_no_tc": 394132.78417044866,
  "final_equity_tc": 5441.018569678607,
  "total_fees_paid": 169303.7631390057,
  "arc": 2.551102259418007,
  "asd": 0.6188635247880954,
  "mdd": 0.2405437305147814,
  "ir_star": 4.122237225552318,
  "ir_starstar": 43.718656385090505,
  "pct_long": 0.17139243174870875,
  "pct_short": 0.14440813745124909,
  "pct_flat": 0.6841994308000422,
  "trades_long": 1099,
  "trades_short": 1041,
  "trades_flat": 1561,
  "trades_total": 3701
}