{
  "context_length": 512,
  "horizon": 20,
  "batch_size": 8,
  "starting_capital": 100000.0,
  "threshold": 0.005,
  "fee_rate": 0.001,
  "runtime_seconds": 61.83134300005622,
  "model_path": "Datadog/Toto-Open-Base-1.0",
  "equity_no_tc": 15267.100598501534,
  "equity_tc": 1923.9241722829797,
  "fee": 0.0,
  "cum_fee": 38365.698131206875,
  "final_equity_no_tc": 15267.100598501534,
  "final_equity_tc": 1923.9241722829797,
  "total_fees_paid": 38365.698131206875,
  "arc": -0.824493972795111,
  "asd": 0.7818489516464551,
  "mdd": 0.8912992812815619,
  "ir_star": -1.0545438106156593,
  "ir_starstar": -0.9755028800773101,
  "pct_long": 0.3988170680185889,
  "pct_short": 0.37653147444021967,
  "pct_flat": 0.22465145754119137,
  "trades_long": 519,
  "trades_short": 516,
  "trades_flat": 738,
  "trades_total": 1773
}