{
  "context_length": 256,
  "horizon": 1,
  "normalize_inputs": true,
  "starting_capital": 100000.0,
  "threshold": 0.01,
  "fee_rate": 0.001,
  "runtime_seconds": 742.9327469999553,
  "equity_no_tc": 198043.90090151568,
  "equity_tc": 19907.997295982557,
  "fee": 0.0,
  "cum_fee": 99891.60082007616,
  "final_equity_no_tc": 198043.90090151568,
  "final_equity_tc": 19907.997295982557,
  "total_fees_paid": 99891.60082007616,
  "arc": 0.8492584129647285,
  "asd": 0.5281678358434745,
  "mdd": 0.3181296939940723,
  "ir_star": 1.6079328488613438,
  "ir_starstar": 4.292433322503003,
  "pct_long": 0.08252078415272503,
  "pct_short": 0.06199322590577851,
  "pct_flat": 0.8554859899414965,
  "trades_long": 625,
  "trades_short": 523,
  "trades_flat": 930,
  "trades_total": 2078
}