variant,threshold,final_equity_no_tc,final_equity_tc,total_fees_paid,arc,asd,mdd,ir_star,ir_starstar,pct_long,pct_short,pct_flat,trades_long,trades_short,trades_flat,trades_total
step1,0.01,198043.90090151568,19907.997295982557,99891.60082007616,0.8492584129647285,0.5281678358434745,0.3181296939940723,1.6079328488613438,4.292433322503003,0.08252078415272503,0.06199322590577851,0.8554859899414965,625.0,523.0,930.0,2078.0
step1,0.015,123696.5668100051,30724.639438225786,72321.31938590342,0.2108618066101715,0.4269525631913818,0.3604193088803256,0.4938764274748072,0.2889403346980335,0.05060043107872319,0.03243354203017551,0.9169660268911013,400.0,296.0,626.0,1322.0
step1,0.02,84657.2872374465,34609.79862535056,47418.0077505018,-0.13916623110405535,0.36169854258370787,0.31262441143845143,-0.3847575113517305,-0.1712766207137281,0.031407164117828186,0.020938109411885456,0.9476547264702864,259.0,188.0,420.0,867.0
step1,0.025,84455.54845818716,48712.32716836457,34068.90299380788,-0.14101207990365006,0.30754186687430035,0.3045488548853389,-0.45851344188297144,-0.21230069680623756,0.019398542543364466,0.013137637278045776,0.9674638201785898,158.0,117.0,257.0,532.0
step1,0.03,93564.82430088302,64616.01993455875,26924.002503847336,-0.05808896531499652,0.2509694574159566,0.27013940305535955,-0.2314583053774544,-0.04977124151778594,0.01252181053063738,0.008416298881248075,0.9790618905881145,109.0,76.0,178.0,363.0
