variant,threshold,final_equity_no_tc,final_equity_tc,total_fees_paid,arc,asd,mdd,ir_star,ir_starstar,pct_long,pct_short,pct_flat,trades_long,trades_short,trades_flat,trades_total
step1,0.01,155343.8050279856,46663.77717343975,82109.83777552695,0.625066945641727,0.3518387096851561,0.18461270203759172,1.7765724135387775,6.0151694871781585,0.05017605633802817,0.03860663983903421,0.9112173038229376,333.0,268.0,530.0,1131.0
step1,0.015,121010.88521091666,61776.14110807666,53860.817614249136,0.23395925362804726,0.2674947933247304,0.217196898294573,0.8746310562539733,0.9421314518201072,0.02829476861167002,0.019114688128772636,0.9525905432595574,194.0,142.0,309.0,645.0
step1,0.02,118589.7934694697,77280.70075535178,38607.221531759824,0.20677256816711753,0.2228431934957373,0.1368442445562199,0.9278837056832647,1.4020384810975957,0.017479879275653924,0.011820925553319919,0.9706991951710262,127.0,87.0,202.0,416.0
step1,0.025,111028.21536759313,85596.57380879481,23874.755325170445,0.12223311435527773,0.17094674641208668,0.10556789436225866,0.7150362140301918,0.8279136743771585,0.009683098591549295,0.00829979879275654,0.9820171026156942,69.0,61.0,121.0,251.0
step1,0.03,103191.11237837904,86876.94252056758,15628.096128382069,0.035233858362129444,0.14272448027705525,0.11046827086311495,0.24686625793790842,0.07873800050107811,0.006161971830985915,0.005407444668008048,0.988430583501006,46.0,40.0,82.0,168.0
