context_length,horizon,normalize_inputs,starting_capital,threshold,fee_rate,runtime_seconds,equity_no_tc,equity_tc,fee,cum_fee,final_equity_no_tc,final_equity_tc,total_fees_paid,arc,asd,mdd,ir_star,ir_starstar,pct_long,pct_short,pct_flat,trades_long,trades_short,trades_flat,trades_total,run_name
256,1,True,100000.0,0.01,0.001,742.9327469999553,198043.90090151568,19907.997295982557,0.0,99891.60082007616,198043.90090151568,19907.997295982557,99891.60082007616,0.8492584129647285,0.5281678358434745,0.3181296939940723,1.6079328488613438,4.292433322503003,0.08252078415272503,0.06199322590577851,0.8554859899414965,625,523,930,2078,ctx256_h1_normTrue
