context_length,horizon,freq,num_samples,rope_scale,starting_capital,threshold,fee_rate,runtime_seconds,equity_no_tc,equity_tc,fee,cum_fee,final_equity_no_tc,final_equity_tc,total_fees_paid,arc,asd,mdd,ir_star,ir_starstar,pct_long,pct_short,pct_flat,trades_long,trades_short,trades_flat,trades_total,run_name
512,3,1H,5,1.5,100000.0,0.005,0.001,486.7596199589316,19412.03092207567,14713.175870259785,0.0,9644.7927392911,19412.03092207567,14713.175870259785,9644.7927392911,-0.7801879572451189,0.8130102653282981,0.8239439597794843,-0.9596286670870935,-0.9086670526584247,0.5773326304691618,0.34053769109119664,0.08212967843964154,65,74,127,266,ctx512_h3_s5_rope1.5
