{
  "model_family": "moirai",
  "model_id": "Salesforce/moirai-1.1-R-small",
  "context_length": 512,
  "horizon": 3,
  "patch_size": 16,
  "num_samples": 20,
  "batch_size": 4,
  "starting_capital": 100000.0,
  "threshold": 0.005,
  "fee_rate": 0.001,
  "runtime_seconds": 144.1591115000192,
  "equity_no_tc": 221245.10863563613,
  "equity_tc": 2147.301951977749,
  "fee": 2.1494514033811303,
  "cum_fee": 180467.75905385683,
  "final_equity_no_tc": 221245.10863563613,
  "final_equity_tc": 2147.301951977749,
  "total_fees_paid": 180467.75905385683,
  "arc": 1.0831683233337301,
  "asd": 0.6620398788596514,
  "mdd": 0.46281145347364416,
  "ir_star": 1.636107367428474,
  "ir_starstar": 3.8291612289849777,
  "pct_long": 0.23141802846599896,
  "pct_short": 0.1528729573010016,
  "pct_flat": 0.6157090142329995,
  "trades_long": 1240,
  "trades_short": 1076,
  "trades_flat": 1576,
  "trades_total": 3892
}