model_family,model_id,context_length,horizon,patch_size,num_samples,batch_size,starting_capital,threshold,fee_rate,runtime_seconds,equity_no_tc,equity_tc,fee,cum_fee,final_equity_no_tc,final_equity_tc,total_fees_paid,arc,asd,mdd,ir_star,ir_starstar,pct_long,pct_short,pct_flat,trades_long,trades_short,trades_flat,trades_total,run_name
moirai,Salesforce/moirai-1.1-R-small,512,3,16,20,4,100000.0,0.005,0.001,144.1591115000192,221245.10863563613,2147.301951977749,2.1494514033811303,180467.75905385683,221245.10863563613,2147.301951977749,180467.75905385683,1.0831683233337301,0.6620398788596514,0.46281145347364416,1.636107367428474,3.8291612289849777,0.23141802846599896,0.1528729573010016,0.6157090142329995,1240,1076,1576,3892,ctx512_h3_ps16_ns20
