{
  "context_length": 256,
  "horizon": 20,
  "normalize_inputs": true,
  "starting_capital": 100000.0,
  "threshold": 0.01,
  "fee_rate": 0.001,
  "runtime_seconds": 762.5067723750253,
  "equity_no_tc": 198043.90090151568,
  "equity_tc": 19907.997295982557,
  "fee": 0.0,
  "cum_fee": 99891.60082007616,
  "final_equity_no_tc": 198043.90090151568,
  "final_equity_tc": 19907.997295982557,
  "total_fees_paid": 99891.60082007616,
  "arc": 0.8514811607108179,
  "asd": 0.5286834646052296,
  "mdd": 0.3181296939940723,
  "ir_star": 1.6105689277545738,
  "ir_starstar": 4.310723349310469,
  "pct_long": 0.08268202385849445,
  "pct_short": 0.062114356232003294,
  "pct_flat": 0.8552036199095022,
  "trades_long": 625,
  "trades_short": 523,
  "trades_flat": 930,
  "trades_total": 2078
}