{
  "context_length": 128,
  "horizon": 5,
  "normalize_inputs": true,
  "starting_capital": 100000.0,
  "threshold": 0.01,
  "fee_rate": 0.001,
  "runtime_seconds": 765.3715352499858,
  "equity_no_tc": 136097.9881955253,
  "equity_tc": 12679.530706291669,
  "fee": 0.0,
  "cum_fee": 97669.53269731607,
  "final_equity_no_tc": 136097.9881955253,
  "final_equity_tc": 12679.530706291669,
  "total_fees_paid": 97669.53269731607,
  "arc": 0.3149630390792484,
  "asd": 0.5495229874182552,
  "mdd": 0.2602485770404386,
  "ir_star": 0.5731571677446905,
  "ir_starstar": 0.6936572928691624,
  "pct_long": 0.08746326137630485,
  "pct_short": 0.0675990675990676,
  "pct_flat": 0.8449376710246276,
  "trades_long": 638,
  "trades_short": 548,
  "trades_flat": 987,
  "trades_total": 2173
}