{
  "model_family": "moirai",
  "model_id": "Salesforce/moirai-1.1-R-small",
  "context_length": 512,
  "horizon": 3,
  "patch_size": 16,
  "num_samples": 10,
  "batch_size": 4,
  "starting_capital": 100000.0,
  "threshold": 0.005,
  "fee_rate": 0.001,
  "runtime_seconds": 105.11820258409716,
  "equity_no_tc": 192775.99586274414,
  "equity_tc": 1557.894447891971,
  "fee": 0.0,
  "cum_fee": 152856.43413865968,
  "final_equity_no_tc": 192775.99586274414,
  "final_equity_tc": 1557.894447891971,
  "total_fees_paid": 152856.43413865968,
  "arc": 0.8341692990714882,
  "asd": 0.6661501918892033,
  "mdd": 0.40717874075657245,
  "ir_star": 1.2522240618227285,
  "ir_starstar": 2.5653767335451354,
  "pct_long": 0.23668950975224037,
  "pct_short": 0.15677385345282024,
  "pct_flat": 0.6065366367949394,
  "trades_long": 1304,
  "trades_short": 1104,
  "trades_flat": 1624,
  "trades_total": 4032
}