model_family,model_id,context_length,horizon,patch_size,num_samples,batch_size,starting_capital,threshold,fee_rate,runtime_seconds,equity_no_tc,equity_tc,fee,cum_fee,final_equity_no_tc,final_equity_tc,total_fees_paid,arc,asd,mdd,ir_star,ir_starstar,pct_long,pct_short,pct_flat,trades_long,trades_short,trades_flat,trades_total,run_name
moirai,Salesforce/moirai-1.1-R-small,512,3,16,10,4,100000.0,0.005,0.001,105.11820258409716,192775.99586274414,1557.894447891971,0.0,152856.43413865968,192775.99586274414,1557.894447891971,152856.43413865968,0.8341692990714882,0.6661501918892033,0.40717874075657245,1.2522240618227285,2.5653767335451354,0.23668950975224037,0.15677385345282024,0.6065366367949394,1304,1104,1624,4032,ctx512_h3_ps16_ns10
