{
  "context_length": 512,
  "horizon": 5,
  "freq": "1H",
  "num_samples": 20,
  "rope_scale": 1.5,
  "starting_capital": 100000.0,
  "threshold": 0.005,
  "fee_rate": 0.001,
  "runtime_seconds": 811.9163246660028,
  "equity_no_tc": 19351.389604517706,
  "equity_tc": 14667.213323949396,
  "fee": 0.0,
  "cum_fee": 9644.7927392911,
  "final_equity_no_tc": 19351.389604517706,
  "final_equity_tc": 14667.213323949396,
  "total_fees_paid": 9644.7927392911,
  "arc": -0.7808927917282258,
  "asd": 0.8130830638819468,
  "mdd": 0.8239439597794843,
  "ir_star": -0.9604096142403541,
  "ir_starstar": -0.9102280998182185,
  "pct_long": 0.57745439207002,
  "pct_short": 0.3403986080354318,
  "pct_flat": 0.08214699989454814,
  "trades_long": 65,
  "trades_short": 74,
  "trades_flat": 127,
  "trades_total": 266
}