{
  "model_family": "moirai",
  "model_id": "Salesforce/moirai-1.1-R-small",
  "context_length": 512,
  "horizon": 20,
  "patch_size": 16,
  "num_samples": 5,
  "batch_size": 4,
  "starting_capital": 100000.0,
  "threshold": 0.005,
  "fee_rate": 0.001,
  "runtime_seconds": 84.15236575016752,
  "equity_no_tc": 240092.3206138887,
  "equity_tc": 1468.9611943054738,
  "fee": 0.0,
  "cum_fee": 175676.08890144774,
  "final_equity_no_tc": 240092.3206138887,
  "final_equity_tc": 1468.9611943054738,
  "total_fees_paid": 175676.08890144774,
  "arc": 1.2499252324548515,
  "asd": 0.6743416749706623,
  "mdd": 0.45233138899823055,
  "ir_star": 1.8535488445219264,
  "ir_starstar": 5.121902938211863,
  "pct_long": 0.2466201943388255,
  "pct_short": 0.17036332910857627,
  "pct_flat": 0.5830164765525983,
  "trades_long": 1388,
  "trades_short": 1159,
  "trades_flat": 1628,
  "trades_total": 4175
}