model_family,model_id,context_length,horizon,patch_size,num_samples,batch_size,starting_capital,threshold,fee_rate,runtime_seconds,equity_no_tc,equity_tc,fee,cum_fee,final_equity_no_tc,final_equity_tc,total_fees_paid,arc,asd,mdd,ir_star,ir_starstar,pct_long,pct_short,pct_flat,trades_long,trades_short,trades_flat,trades_total,run_name
moirai,Salesforce/moirai-1.1-R-small,512,20,16,5,4,100000.0,0.005,0.001,84.15236575016752,240092.3206138887,1468.9611943054738,0.0,175676.08890144774,240092.3206138887,1468.9611943054738,175676.08890144774,1.2499252324548515,0.6743416749706623,0.45233138899823055,1.8535488445219264,5.121902938211863,0.2466201943388255,0.17036332910857627,0.5830164765525983,1388,1159,1628,4175,ctx512_h20_ps16_ns5
