{
  "context_length": 512,
  "horizon": 5,
  "feature_cols": [
    "open",
    "high",
    "low",
    "volume"
  ],
  "use_future_covariates": false,
  "cross_learning": false,
  "starting_capital": 100000.0,
  "threshold": 0.005,
  "fee_rate": 0.001,
  "runtime_seconds": 345.1032152080443,
  "model_path": "amazon/chronos-2",
  "n_windows_total": 9484,
  "n_windows_kept": 9484,
  "device": "cpu",
  "equity_no_tc": 394132.78417044866,
  "equity_tc": 5446.46503471332,
  "fee": 5.419940672192398,
  "cum_fee": 169298.31667397098,
  "final_equity_no_tc": 394132.78417044866,
  "final_equity_tc": 5446.46503471332,
  "total_fees_paid": 169298.31667397098,
  "arc": 2.55300096906609,
  "asd": 0.6189939487526644,
  "mdd": 0.2405437305147814,
  "ir_star": 4.124436069545826,
  "ir_starstar": 43.77453222275765,
  "pct_long": 0.17146472635242013,
  "pct_short": 0.14446904987873035,
  "pct_flat": 0.6840662237688495,
  "trades_long": 1099,
  "trades_short": 1041,
  "trades_flat": 1560,
  "trades_total": 3700
}