{
  "context_length": 2048,
  "horizon": 20,
  "normalize_inputs": true,
  "starting_capital": 100000.0,
  "threshold": 0.01,
  "fee_rate": 0.001,
  "runtime_seconds": 1167.5334841659642,
  "equity_no_tc": 159349.67705109413,
  "equity_tc": 47107.22930460292,
  "fee": 0.0,
  "cum_fee": 83889.14260780484,
  "final_equity_no_tc": 159349.67705109413,
  "final_equity_tc": 47107.22930460292,
  "total_fees_paid": 83889.14260780484,
  "arc": 0.6734878078020357,
  "asd": 0.3479646778997429,
  "mdd": 0.14689504749373483,
  "ir_star": 1.9355062469762632,
  "ir_starstar": 8.87395376157107,
  "pct_long": 0.04576399394856279,
  "pct_short": 0.041855774079677256,
  "pct_flat": 0.91238023197176,
  "trades_long": 311,
  "trades_short": 298,
  "trades_flat": 544,
  "trades_total": 1153
}