variant,threshold,final_equity_no_tc,final_equity_tc,total_fees_paid,arc,asd,mdd,ir_star,ir_starstar,pct_long,pct_short,pct_flat,trades_long,trades_short,trades_flat,trades_total
step1,0.01,138008.4715130991,41539.86416803842,78171.2509436347,0.426342808396335,0.3519109043292645,0.22134774545200808,1.2115078082304278,2.333512095640652,0.045900402414486924,0.04112173038229376,0.9129778672032193,307.0,293.0,539.0,1139.0
step1,0.015,131737.03770542168,67522.00428343973,54070.950042239696,0.3550614328698043,0.24961103925341985,0.1830615791243615,1.422458854110715,2.7589638489668085,0.02577967806841046,0.0198692152917505,0.954351106639839,187.0,147.0,314.0,648.0
step1,0.02,129617.8561986241,86174.42083590815,38803.737671944895,0.33105232355838043,0.2150466387291234,0.11434251091853886,1.5394443061971308,4.457105327329745,0.01584507042253521,0.011695171026156942,0.9724597585513078,117.0,87.0,191.0,395.0
step1,0.025,115114.08012482135,89639.18368729387,23076.688395190125,0.1678429071691001,0.1619473359738799,0.11271351575880484,1.0364042493182544,1.5433207014873542,0.008551307847082495,0.008174044265593561,0.983274647887324,64.0,61.0,119.0,244.0
step1,0.03,108084.74607399217,91911.99519184482,15051.410316593589,0.0894816209010647,0.14709463825559582,0.1252570966758807,0.6083268701173111,0.4345787649591131,0.0059104627766599594,0.004904426559356137,0.989185110663984,44.0,37.0,78.0,159.0
