{
  "context_length": 1024,
  "horizon": 1,
  "normalize_inputs": true,
  "starting_capital": 100000.0,
  "threshold": 0.01,
  "fee_rate": 0.001,
  "runtime_seconds": 928.9276425419957,
  "equity_no_tc": 182427.35902246373,
  "equity_tc": 31480.309428571203,
  "fee": 0.0,
  "cum_fee": 109526.86269926451,
  "final_equity_no_tc": 182427.35902246373,
  "final_equity_tc": 31480.309428571203,
  "total_fees_paid": 109526.86269926451,
  "arc": 0.798890616721764,
  "asd": 0.3895520089422607,
  "mdd": 0.22134774545200808,
  "ir_star": 2.0507932147262404,
  "ir_starstar": 7.40174449365096,
  "pct_long": 0.06005571030640668,
  "pct_short": 0.053036211699164344,
  "pct_flat": 0.886908077994429,
  "trades_long": 447,
  "trades_short": 431,
  "trades_flat": 767,
  "trades_total": 1645
}