variant,threshold,final_equity_no_tc,final_equity_tc,total_fees_paid,arc,asd,mdd,ir_star,ir_starstar,pct_long,pct_short,pct_flat,trades_long,trades_short,trades_flat,trades_total
step1,0.01,182427.35902246373,31480.309428571203,109526.86269926451,0.798890616721764,0.3895520089422607,0.22134774545200808,2.0507932147262404,7.40174449365096,0.06005571030640668,0.053036211699164344,0.886908077994429,447.0,431.0,767.0,1645.0
step1,0.015,136806.23069381792,52042.212797109205,68587.26476470048,0.3581059833109361,0.28179194048084927,0.18306157912436138,1.2708169818479007,2.4859785820143,0.033426183844011144,0.025292479108635097,0.9412813370473537,271.0,212.0,456.0,939.0
step1,0.02,104666.51700890422,59292.276076333386,40122.81591143517,0.045553146525272536,0.2404624800947254,0.19823181621679353,0.18943972676039847,0.043532747646252735,0.019944289693593315,0.014484679665738161,0.9655710306406685,163.0,121.0,268.0,552.0
step1,0.025,105909.70904100455,75219.44717070633,27542.169987396457,0.05768074402581802,0.16657666333578494,0.18526654757959238,0.34627145766238143,0.1078078885465819,0.011142061281337047,0.008913649025069638,0.9799442896935933,95.0,76.0,165.0,336.0
step1,0.03,105898.2677035375,85145.94770419366,19169.075407861572,0.05756914657962686,0.1478469686321402,0.1333098797187544,0.3893833408439056,0.16815307816644887,0.006908077994428969,0.005793871866295265,0.9872980501392757,59.0,50.0,106.0,215.0
