{
  "model_family": "moirai",
  "model_id": "Salesforce/moirai-1.1-R-small",
  "context_length": 512,
  "horizon": 20,
  "patch_size": 16,
  "num_samples": 20,
  "batch_size": 4,
  "starting_capital": 100000.0,
  "threshold": 0.005,
  "fee_rate": 0.001,
  "runtime_seconds": 147.64907612488605,
  "equity_no_tc": 157385.75742110392,
  "equity_tc": 1559.930555525557,
  "fee": 0.0,
  "cum_fee": 138481.02130217812,
  "final_equity_no_tc": 157385.75742110392,
  "final_equity_tc": 1559.930555525557,
  "total_fees_paid": 138481.02130217812,
  "arc": 0.5218007130938522,
  "asd": 0.6722806958411415,
  "mdd": 0.5074358175478393,
  "ir_star": 0.7761649506252559,
  "ir_starstar": 0.7981372435865365,
  "pct_long": 0.23067173637515842,
  "pct_short": 0.1520912547528517,
  "pct_flat": 0.6172370088719898,
  "trades_long": 1258,
  "trades_short": 1048,
  "trades_flat": 1555,
  "trades_total": 3861
}