model_family,model_id,context_length,horizon,patch_size,num_samples,batch_size,starting_capital,threshold,fee_rate,runtime_seconds,equity_no_tc,equity_tc,fee,cum_fee,final_equity_no_tc,final_equity_tc,total_fees_paid,arc,asd,mdd,ir_star,ir_starstar,pct_long,pct_short,pct_flat,trades_long,trades_short,trades_flat,trades_total,run_name
moirai,Salesforce/moirai-1.1-R-small,512,20,16,20,4,100000.0,0.005,0.001,147.64907612488605,157385.75742110392,1559.930555525557,0.0,138481.02130217812,157385.75742110392,1559.930555525557,138481.02130217812,0.5218007130938522,0.6722806958411415,0.5074358175478393,0.7761649506252559,0.7981372435865365,0.23067173637515842,0.1520912547528517,0.6172370088719898,1258,1048,1555,3861,ctx512_h20_ps16_ns20
