{
  "context_length": 512,
  "horizon": 20,
  "num_samples": 20,
  "starting_capital": 100000.0,
  "threshold": 0.005,
  "fee_rate": 0.001,
  "runtime_seconds": 2285.3878167920047,
  "model_path": "amazon/chronos-t5-mini",
  "equity_no_tc": 440579.0207860539,
  "equity_tc": 2900.0658817745943,
  "fee": 2.9029688506252196,
  "cum_fee": 193986.52266977725,
  "final_equity_no_tc": 440579.0207860539,
  "final_equity_tc": 2900.0658817745943,
  "total_fees_paid": 193986.52266977725,
  "arc": 2.946942090611103,
  "asd": 0.626901012014445,
  "mdd": 0.2855156256967202,
  "ir_star": 4.700809273128434,
  "ir_starstar": 48.5192804180605,
  "pct_long": 0.17395437262357413,
  "pct_short": 0.16170257710181665,
  "pct_flat": 0.6643430502746092,
  "trades_long": 1256,
  "trades_short": 1254,
  "trades_flat": 1667,
  "trades_total": 4177
}