{
  "context_length": 512,
  "horizon": 3,
  "normalize_inputs": true,
  "starting_capital": 100000.0,
  "threshold": 0.01,
  "fee_rate": 0.001,
  "runtime_seconds": 653.7327857500059,
  "equity_no_tc": 200215.05495710953,
  "equity_tc": 24438.456992788728,
  "fee": 0.0,
  "cum_fee": 107419.96238592613,
  "final_equity_no_tc": 200215.05495710953,
  "final_equity_tc": 24438.456992788728,
  "total_fees_paid": 107419.96238592613,
  "arc": 0.8994872413163024,
  "asd": 0.48239450201520934,
  "mdd": 0.21675239356878284,
  "ir_star": 1.8646299606622436,
  "ir_starstar": 7.737911594778175,
  "pct_long": 0.07432788613600422,
  "pct_short": 0.05819715340010543,
  "pct_flat": 0.8674749604638904,
  "trades_long": 559,
  "trades_short": 492,
  "trades_flat": 869,
  "trades_total": 1920
}