{
  "context_length": 256,
  "horizon": 3,
  "normalize_inputs": true,
  "starting_capital": 100000.0,
  "threshold": 0.01,
  "fee_rate": 0.001,
  "runtime_seconds": 757.5878254160052,
  "equity_no_tc": 198043.90090151568,
  "equity_tc": 19907.997295982557,
  "fee": 0.0,
  "cum_fee": 99891.60082007616,
  "final_equity_no_tc": 198043.90090151568,
  "final_equity_tc": 19907.997295982557,
  "total_fees_paid": 99891.60082007616,
  "arc": 0.8494918525574353,
  "asd": 0.5282220415198804,
  "mdd": 0.3181296939940723,
  "ir_star": 1.6082097788141305,
  "ir_starstar": 4.294352680989454,
  "pct_long": 0.08253772713273791,
  "pct_short": 0.06200595421414639,
  "pct_flat": 0.8554563186531157,
  "trades_long": 625,
  "trades_short": 523,
  "trades_flat": 930,
  "trades_total": 2078
}