{
  "context_length": 512,
  "horizon": 1,
  "num_samples": 5,
  "starting_capital": 100000.0,
  "threshold": 0.005,
  "fee_rate": 0.001,
  "runtime_seconds": 242.7026732499944,
  "model_path": "amazon/chronos-t5-mini",
  "equity_no_tc": 282534.5595895827,
  "equity_tc": 1389.9013662402576,
  "fee": 0.0,
  "cum_fee": 144918.12345373043,
  "final_equity_no_tc": 282534.5595895827,
  "final_equity_tc": 1389.9013662402576,
  "total_fees_paid": 144918.12345373043,
  "arc": 1.6108513785616756,
  "asd": 0.6369793574545788,
  "mdd": 0.260840193517786,
  "ir_star": 2.5288910224638497,
  "ir_starstar": 15.617484156981984,
  "pct_long": 0.19110361547380625,
  "pct_short": 0.17750606092547697,
  "pct_flat": 0.6313903236007168,
  "trades_long": 1338,
  "trades_short": 1318,
  "trades_flat": 1746,
  "trades_total": 4402
}