variant,threshold,final_equity_no_tc,final_equity_tc,total_fees_paid,arc,asd,mdd,ir_star,ir_starstar,pct_long,pct_short,pct_flat,trades_long,trades_short,trades_flat,trades_total
step1,0.005,167298.00287216957,3477.4623059130863,120192.16236357846,0.7634499856253414,0.483781932583435,0.15233159188460488,1.5780870144291173,7.9089996603863195,0.16046277665995975,0.14927062374245473,0.6902665995975855,984.0,952.0,1399.0,3335.0
step1,0.01,146511.22413843818,31761.07040532815,83861.41581254035,0.5235137620160355,0.36193891696966407,0.22705570815392895,1.4464146779217826,3.334943638416262,0.061619718309859156,0.04967303822937626,0.8887072434607646,412.0,352.0,668.0,1432.0
step1,0.015,114006.44821865037,52553.70966105183,57832.179492168456,0.15546198165544656,0.2649243370702221,0.19365676918355046,0.5868165355236468,0.47107912553381015,0.030935613682092557,0.02238430583501006,0.9466800804828974,218.0,169.0,355.0,742.0
step1,0.02,121910.40284064214,78182.52740032563,39931.536492603045,0.2440742803278242,0.22781009950048878,0.11601836618216488,1.0713935899373965,2.253950197861117,0.017857142857142856,0.012072434607645875,0.9700704225352113,130.0,92.0,204.0,426.0
step1,0.025,112773.97560632526,87116.60386854241,24160.145390029713,0.14170007505506632,0.18361311342404985,0.10614294846851713,0.7717317810945974,1.030256393677625,0.009305835010060362,0.007922535211267605,0.982771629778672,67.0,62.0,120.0,249.0
step1,0.03,110823.37624509566,92373.54759932734,17090.26336607918,0.11995099802138309,0.14573318762742749,0.10153069995245678,0.8230863537277621,0.972415531791448,0.006790744466800805,0.005030181086519115,0.9881790744466801,51.0,40.0,85.0,176.0
step1,0.04,104449.51822448453,96222.3679902829,8031.147350711531,0.049159108987319566,0.10061120323245065,0.05764070949841893,0.48860472201831323,0.41670848590224385,0.002012072434607646,0.0032696177062374247,0.9947183098591549,15.0,26.0,40.0,81.0
