{
  "context_length": 128,
  "horizon": 3,
  "normalize_inputs": true,
  "starting_capital": 100000.0,
  "threshold": 0.01,
  "fee_rate": 0.001,
  "runtime_seconds": 725.7143085839925,
  "equity_no_tc": 136097.9881955253,
  "equity_tc": 12679.530706291669,
  "fee": 0.0,
  "cum_fee": 97669.53269731607,
  "final_equity_no_tc": 136097.9881955253,
  "final_equity_tc": 12679.530706291669,
  "total_fees_paid": 97669.53269731607,
  "arc": 0.31489007562914284,
  "asd": 0.5494673066868951,
  "mdd": 0.2602485770404386,
  "ir_star": 0.5730824596786752,
  "ir_starstar": 0.6934062084877908,
  "pct_long": 0.08744553652852366,
  "pct_short": 0.06758536832505826,
  "pct_flat": 0.844969095146418,
  "trades_long": 638,
  "trades_short": 548,
  "trades_flat": 987,
  "trades_total": 2173
}