{
  "context_length": 512,
  "horizon": 5,
  "normalize_inputs": true,
  "starting_capital": 100000.0,
  "threshold": 0.01,
  "fee_rate": 0.001,
  "runtime_seconds": 677.4645859579905,
  "equity_no_tc": 200215.05495710953,
  "equity_tc": 24438.456992788728,
  "fee": 0.0,
  "cum_fee": 107419.96238592613,
  "final_equity_no_tc": 200215.05495710953,
  "final_equity_tc": 24438.456992788728,
  "total_fees_paid": 107419.96238592613,
  "arc": 0.8997442829767752,
  "asd": 0.4824453543683249,
  "mdd": 0.21675239356878284,
  "ir_star": 1.864966207737305,
  "ir_starstar": 7.74151858592525,
  "pct_long": 0.0743435621638722,
  "pct_short": 0.058209427396393544,
  "pct_flat": 0.8674470104397343,
  "trades_long": 559,
  "trades_short": 492,
  "trades_flat": 869,
  "trades_total": 1920
}