{
  "context_length": 512,
  "horizon": 3,
  "normalize_inputs": true,
  "batch_size": 128,
  "starting_capital": 100000.0,
  "threshold": 0.005,
  "fee_rate": 0.001,
  "runtime_seconds": 27.55978616606444,
  "repo_id": "AutonLab/MOMENT-1-small",
  "mu": 7045.29931640625,
  "sigma": 2598.298583984375,
  "equity_no_tc": 24220.71069531245,
  "equity_tc": 18175.007775284696,
  "fee": 0.0,
  "cum_fee": 9488.076398778188,
  "final_equity_no_tc": 24220.71069531245,
  "final_equity_tc": 18175.007775284696,
  "total_fees_paid": 9488.076398778188,
  "arc": -0.7303008328632918,
  "asd": 0.8193557071538626,
  "mdd": 0.8189943762309616,
  "ir_star": -0.8913110953972428,
  "ir_starstar": -0.7947859645929173,
  "pct_long": 0.5917764891934634,
  "pct_short": 0.33136531365313654,
  "pct_flat": 0.0768581971534001,
  "trades_long": 76,
  "trades_short": 68,
  "trades_flat": 126,
  "trades_total": 270
}