variant,threshold,final_equity_no_tc,final_equity_tc,total_fees_paid,arc,asd,mdd,ir_star,ir_starstar,pct_long,pct_short,pct_flat,trades_long,trades_short,trades_flat,trades_total
step1,0.01,159349.67705109413,47107.22930460292,83889.14260780484,0.6714299349941375,0.34754880444905106,0.14689504749373483,1.9319011499939307,8.830360762236372,0.04565463463715256,0.041755753993208404,0.912589611369639,311.0,298.0,544.0,1153.0
step1,0.015,118650.12343599564,60692.598546073226,54651.88818959908,0.20747796213902525,0.24868895408694205,0.17590046265964465,0.8342870028175462,0.9840574866399807,0.024902527983901395,0.020752106653251164,0.9543453653628474,181.0,154.0,313.0,648.0
step1,0.02,130618.168957644,87712.82900207557,38120.15471455209,0.34243003902375824,0.21200467819128083,0.11395322672269059,1.6152003906008214,4.8536855751404175,0.014966670859011445,0.01182241227518551,0.9732109168658031,111.0,88.0,188.0,387.0
step1,0.025,115508.71652567279,89587.41944338297,23687.452998281624,0.17228047227252907,0.16483711722850894,0.11694575327017775,1.045155819084737,1.5396877019921458,0.008426613004653503,0.008678153691359578,0.9828952333039869,63.0,64.0,123.0,250.0
step1,0.03,106508.17887235686,90752.74492004848,14978.603123788145,0.07198613892144423,0.14166390770770634,0.10380609017804798,0.5081473473820338,0.3523836171699105,0.005533895107533644,0.005030813734121494,0.9894352911583448,42.0,38.0,77.0,157.0
