{
  "context_length": 2048,
  "horizon": 1,
  "normalize_inputs": true,
  "starting_capital": 100000.0,
  "threshold": 0.01,
  "fee_rate": 0.001,
  "runtime_seconds": 1163.8901456669555,
  "equity_no_tc": 159349.67705109413,
  "equity_tc": 47107.22930460292,
  "fee": 0.0,
  "cum_fee": 83889.14260780484,
  "final_equity_no_tc": 159349.67705109413,
  "final_equity_tc": 47107.22930460292,
  "total_fees_paid": 83889.14260780484,
  "arc": 0.6714299349941375,
  "asd": 0.34754880444905106,
  "mdd": 0.14689504749373483,
  "ir_star": 1.9319011499939307,
  "ir_starstar": 8.830360762236372,
  "pct_long": 0.04565463463715256,
  "pct_short": 0.041755753993208404,
  "pct_flat": 0.912589611369639,
  "trades_long": 311,
  "trades_short": 298,
  "trades_flat": 544,
  "trades_total": 1153
}