{
  "model_family": "moirai",
  "model_id": "Salesforce/moirai-1.1-R-small",
  "context_length": 512,
  "horizon": 20,
  "patch_size": 16,
  "num_samples": 10,
  "batch_size": 4,
  "starting_capital": 100000.0,
  "threshold": 0.005,
  "fee_rate": 0.001,
  "runtime_seconds": 110.33707562508062,
  "equity_no_tc": 210900.1655714982,
  "equity_tc": 1759.7788895382762,
  "fee": 0.0,
  "cum_fee": 138621.47989585355,
  "final_equity_no_tc": 210900.1655714982,
  "final_equity_tc": 1759.7788895382762,
  "total_fees_paid": 138621.47989585355,
  "arc": 0.9954563979477036,
  "asd": 0.6656360748744816,
  "mdd": 0.3328598170381253,
  "ir_star": 1.4954964664969757,
  "ir_starstar": 4.472457922165127,
  "pct_long": 0.23669201520912547,
  "pct_short": 0.16085762568652304,
  "pct_flat": 0.6024503591043515,
  "trades_long": 1283,
  "trades_short": 1109,
  "trades_flat": 1589,
  "trades_total": 3981
}