model_family,model_id,context_length,horizon,patch_size,num_samples,batch_size,starting_capital,threshold,fee_rate,runtime_seconds,equity_no_tc,equity_tc,fee,cum_fee,final_equity_no_tc,final_equity_tc,total_fees_paid,arc,asd,mdd,ir_star,ir_starstar,pct_long,pct_short,pct_flat,trades_long,trades_short,trades_flat,trades_total,run_name
moirai,Salesforce/moirai-1.1-R-small,512,20,16,10,4,100000.0,0.005,0.001,110.33707562508062,210900.1655714982,1759.7788895382762,0.0,138621.47989585355,210900.1655714982,1759.7788895382762,138621.47989585355,0.9954563979477036,0.6656360748744816,0.3328598170381253,1.4954964664969757,4.472457922165127,0.23669201520912547,0.16085762568652304,0.6024503591043515,1283,1109,1589,3981,ctx512_h20_ps16_ns10
