{
  "context_length": 1024,
  "horizon": 5,
  "normalize_inputs": true,
  "starting_capital": 100000.0,
  "threshold": 0.01,
  "fee_rate": 0.001,
  "runtime_seconds": 946.3922702499549,
  "equity_no_tc": 182427.35902246373,
  "equity_tc": 31480.309428571203,
  "fee": 0.0,
  "cum_fee": 109526.86269926451,
  "final_equity_no_tc": 182427.35902246373,
  "final_equity_tc": 31480.309428571203,
  "total_fees_paid": 109526.86269926451,
  "arc": 0.7993616425404708,
  "asd": 0.38963881745344603,
  "mdd": 0.22134774545200808,
  "ir_star": 2.05154519194171,
  "ir_starstar": 7.408824205675475,
  "pct_long": 0.060082488016943485,
  "pct_short": 0.05305985954743061,
  "pct_flat": 0.8868576524356259,
  "trades_long": 447,
  "trades_short": 431,
  "trades_flat": 767,
  "trades_total": 1645
}