{
  "context_length": 128,
  "horizon": 20,
  "normalize_inputs": true,
  "starting_capital": 100000.0,
  "threshold": 0.01,
  "fee_rate": 0.001,
  "runtime_seconds": 752.1958102090284,
  "equity_no_tc": 136097.9881955253,
  "equity_tc": 12679.530706291669,
  "fee": 0.0,
  "cum_fee": 97669.53269731607,
  "final_equity_no_tc": 136097.9881955253,
  "final_equity_tc": 12679.530706291669,
  "total_fees_paid": 97669.53269731607,
  "arc": 0.31551133870317605,
  "asd": 0.549941133165741,
  "mdd": 0.2602485770404386,
  "ir_star": 0.5737183848877283,
  "ir_starstar": 0.6955452272325943,
  "pct_long": 0.08759642712139667,
  "pct_short": 0.06770198944376776,
  "pct_flat": 0.8447015834348356,
  "trades_long": 638,
  "trades_short": 548,
  "trades_flat": 987,
  "trades_total": 2173
}