{
  "context_length": 256,
  "horizon": 5,
  "normalize_inputs": true,
  "starting_capital": 100000.0,
  "threshold": 0.01,
  "fee_rate": 0.001,
  "runtime_seconds": 759.2947427500039,
  "equity_no_tc": 198043.90090151568,
  "equity_tc": 19907.997295982557,
  "fee": 0.0,
  "cum_fee": 99891.60082007616,
  "final_equity_no_tc": 198043.90090151568,
  "final_equity_tc": 19907.997295982557,
  "total_fees_paid": 99891.60082007616,
  "arc": 0.8497254175146114,
  "asd": 0.5282762638890397,
  "mdd": 0.3181296939940723,
  "ir_star": 1.6084868384188649,
  "ir_starstar": 4.296273426043952,
  "pct_long": 0.08255467707156793,
  "pct_short": 0.06201868775028237,
  "pct_flat": 0.8554266351781497,
  "trades_long": 625,
  "trades_short": 523,
  "trades_flat": 930,
  "trades_total": 2078
}