{
  "context_length": 512,
  "horizon": 20,
  "freq": "1H",
  "num_samples": 10,
  "rope_scale": 1.5,
  "starting_capital": 100000.0,
  "threshold": 0.005,
  "fee_rate": 0.001,
  "runtime_seconds": 3047.83695024997,
  "equity_no_tc": 19441.336823422946,
  "equity_tc": 14735.388017061425,
  "fee": 0.0,
  "cum_fee": 9644.7927392911,
  "final_equity_no_tc": 19441.336823422946,
  "final_equity_tc": 14735.388017061425,
  "total_fees_paid": 9644.7927392911,
  "arc": -0.7804786912406413,
  "asd": 0.8136365793528649,
  "mdd": 0.8239439597794843,
  "ir_star": -0.9592472991583095,
  "ir_starstar": -0.9086444141462822,
  "pct_long": 0.5783692437684833,
  "pct_short": 0.33935361216730037,
  "pct_flat": 0.08227714406421631,
  "trades_long": 65,
  "trades_short": 74,
  "trades_flat": 127,
  "trades_total": 266
}