{
  "context_length": 512,
  "horizon": 20,
  "feature_cols": [
    "open",
    "high",
    "low",
    "volume"
  ],
  "use_future_covariates": false,
  "cross_learning": false,
  "starting_capital": 100000.0,
  "threshold": 0.005,
  "fee_rate": 0.001,
  "runtime_seconds": 358.90765762492083,
  "model_path": "amazon/chronos-2",
  "n_windows_total": 9469,
  "n_windows_kept": 9469,
  "device": "cpu",
  "equity_no_tc": 381865.4356074129,
  "equity_tc": 5531.000425691174,
  "fee": 0.0,
  "cum_fee": 171130.4956155578,
  "final_equity_no_tc": 381865.4356074129,
  "final_equity_tc": 5531.000425691174,
  "total_fees_paid": 171130.4956155578,
  "arc": 2.4574335584469758,
  "asd": 0.6180240652311695,
  "mdd": 0.2420534329717734,
  "ir_star": 3.976274868079421,
  "ir_starstar": 40.36890193400879,
  "pct_long": 0.16624419095901985,
  "pct_short": 0.1438529784537389,
  "pct_flat": 0.6899028305872412,
  "trades_long": 1086,
  "trades_short": 1030,
  "trades_flat": 1535,
  "trades_total": 3651
}