{
  "context_length": 512,
  "horizon": 1,
  "num_samples": 5,
  "starting_capital": 100000.0,
  "threshold": 0.005,
  "fee_rate": 0.001,
  "runtime_seconds": 256.3014586250065,
  "model_path": "amazon/chronos-t5-mini",
  "equity_no_tc": 266099.82407328504,
  "equity_tc": 1340.8508966962072,
  "fee": 0.0,
  "cum_fee": 111374.91961270261,
  "final_equity_no_tc": 266099.82407328504,
  "final_equity_tc": 1340.8508966962072,
  "total_fees_paid": 111374.91961270261,
  "arc": 1.4702088419012167,
  "asd": 0.6428591377633237,
  "mdd": 0.35178313159159336,
  "ir_star": 2.286984434905072,
  "ir_starstar": 9.558004450854247,
  "pct_long": 0.19141983767260462,
  "pct_short": 0.17761146832507643,
  "pct_flat": 0.6309686940023189,
  "trades_long": 1337,
  "trades_short": 1307,
  "trades_flat": 1723,
  "trades_total": 4367
}