variant,threshold,final_equity_no_tc,final_equity_tc,total_fees_paid,arc,asd,mdd,ir_star,ir_starstar,pct_long,pct_short,pct_flat,trades_long,trades_short,trades_flat,trades_total
step1,0.005,227852.72485513752,4559.397860685122,123574.3916175874,1.4788891938494966,0.49251104420857594,0.1537068291523399,3.002753362061043,28.89097070987051,0.16008551307847083,0.14839034205231388,0.6915241448692153,993.0,962.0,1402.0,3357.0
step1,0.01,150559.26917210934,32573.077415066524,83314.60111555217,0.5699808628670067,0.359293940816438,0.16704584241595644,1.5863915254785994,5.412962079508945,0.0613682092555332,0.05030181086519115,0.8883299798792756,413.0,352.0,660.0,1425.0
step1,0.015,120879.3918957501,56394.687397490954,59165.17600120502,0.2324812616516272,0.2726866688912509,0.1930363133540982,0.8525582222148972,1.0267695631360838,0.030181086519114688,0.022635814889336015,0.9471830985915493,212.0,169.0,344.0,725.0
step1,0.02,136505.67698139598,86152.15764269824,44944.786304627414,0.4092311893904921,0.22951532819514933,0.11272568266446703,1.783023350155229,6.4729593917557855,0.018234406438631792,0.012826961770623743,0.9689386317907445,136.0,94.0,209.0,439.0
step1,0.025,125915.40833628921,95723.44067888088,27478.638605891607,0.2892024009688148,0.17910923880591254,0.12614211892007887,1.6146704820860864,3.7019084837843144,0.009557344064386318,0.008551307847082495,0.9818913480885312,73.0,64.0,127.0,264.0
step1,0.03,112093.54582700743,93432.25988828028,17426.355582130258,0.1341089127059898,0.14816664048382558,0.1026658293151651,0.9051221804588977,1.1823305991596103,0.006413480885311872,0.005533199195171026,0.9880533199195171,49.0,42.0,85.0,176.0
step1,0.04,108166.82410992988,100246.85315118413,7655.229039919825,0.09039366430364848,0.09410802075083212,0.04332664769990846,0.9605309258706219,2.003984030054675,0.0016348088531187124,0.003143863179074447,0.9952213279678068,13.0,25.0,37.0,75.0
