{
  "context_length": 512,
  "horizon": 20,
  "normalize_inputs": true,
  "starting_capital": 100000.0,
  "threshold": 0.01,
  "fee_rate": 0.001,
  "runtime_seconds": 656.7172725410201,
  "equity_no_tc": 200215.05495710953,
  "equity_tc": 24438.456992788728,
  "fee": 0.0,
  "cum_fee": 107419.96238592613,
  "final_equity_no_tc": 200215.05495710953,
  "final_equity_tc": 24438.456992788728,
  "total_fees_paid": 107419.96238592613,
  "arc": 0.9016766696542011,
  "asd": 0.48282726032601325,
  "mdd": 0.21675239356878284,
  "ir_star": 1.8674932915870854,
  "ir_starstar": 7.768657609889114,
  "pct_long": 0.07446134347275031,
  "pct_short": 0.058301647655259824,
  "pct_flat": 0.8672370088719898,
  "trades_long": 559,
  "trades_short": 492,
  "trades_flat": 869,
  "trades_total": 1920
}