{
  "context_length": 2048,
  "horizon": 3,
  "normalize_inputs": true,
  "starting_capital": 100000.0,
  "threshold": 0.01,
  "fee_rate": 0.001,
  "runtime_seconds": 1160.006970583985,
  "equity_no_tc": 159349.67705109413,
  "equity_tc": 47107.22930460292,
  "fee": 0.0,
  "cum_fee": 83889.14260780484,
  "final_equity_no_tc": 159349.67705109413,
  "final_equity_tc": 47107.22930460292,
  "total_fees_paid": 83889.14260780484,
  "arc": 0.6716459709214275,
  "asd": 0.3475925103967388,
  "mdd": 0.14689504749373483,
  "ir_star": 1.9322797552652018,
  "ir_starstar": 8.834933065883432,
  "pct_long": 0.04566612152472009,
  "pct_short": 0.04176625990690653,
  "pct_flat": 0.9125676185683734,
  "trades_long": 311,
  "trades_short": 298,
  "trades_flat": 544,
  "trades_total": 1153
}