variant,threshold,final_equity_no_tc,final_equity_tc,total_fees_paid,arc,asd,mdd,ir_star,ir_starstar,pct_long,pct_short,pct_flat,trades_long,trades_short,trades_flat,trades_total
step1,0.005,172033.24965487575,7248.73274151875,144589.32162449099,0.8185503526362865,0.4942438471987231,0.36806068082094445,1.6561670059742146,3.6832407192777024,0.19064386317907445,0.1290241448692153,0.6803319919517102,867.0,716.0,1305.0,2888.0
step1,0.01,122980.54539339832,27583.190096598933,89300.6679040034,0.25611792349463336,0.39165853782859483,0.27983732388491234,0.6539316745514702,0.598503517216207,0.07997987927565392,0.047409456740442654,0.8726106639839034,439.0,308.0,675.0,1422.0
step1,0.015,85050.41497221291,38047.06301155606,53776.0573265854,-0.16347405632840117,0.28661116974939965,0.26326535426655995,-0.5703687559397486,-0.35416925404490257,0.03986418511066398,0.022635814889336015,0.9375,243.0,159.0,384.0,786.0
step1,0.02,121874.13021734057,75093.92152923434,43251.391889938925,0.24366624846761575,0.22715746776217213,0.11384683125402373,1.0726754918870987,2.2958461825615886,0.021504024144869214,0.012826961770623743,0.965669014084507,146.0,96.0,235.0,477.0
step1,0.025,124235.00843339537,93506.12053940824,27065.8427512059,0.27024960970525114,0.2041905335411326,0.1001215025335247,1.323516839975402,3.572458466870432,0.012826961770623743,0.007545271629778672,0.9796277665995976,86.0,56.0,136.0,278.0
step1,0.03,118170.39124406104,96739.66473627299,19160.025121259223,0.20206879533001576,0.1646429479787963,0.09170996444764024,1.2273152164163106,2.7042002334766226,0.008928571428571428,0.004652917505030181,0.9864185110663984,65.0,35.0,96.0,196.0
