{
  "context_length": 512,
  "horizon": 1,
  "prediction_length": 96,
  "scale_inputs": false,
  "starting_capital": 100000.0,
  "threshold": 0.005,
  "fee_rate": 0.001,
  "runtime_seconds": 38.865876166004455,
  "model_path": "ibm-granite/granite-timeseries-ttm-r2",
  "equity_no_tc": 379269.4677465678,
  "equity_tc": 5137.5225300506145,
  "fee": 5.134406310088452,
  "cum_fee": 207507.84324457755,
  "final_equity_no_tc": 379269.4677465678,
  "final_equity_tc": 5137.5225300506145,
  "total_fees_paid": 207507.84324457755,
  "arc": 2.427185335604885,
  "asd": 0.6347099724857865,
  "mdd": 0.3680614277960951,
  "ir_star": 3.824085709728215,
  "ir_starstar": 25.21797736950201,
  "pct_long": 0.22051227996205333,
  "pct_short": 0.15610835880678825,
  "pct_flat": 0.6233793612311584,
  "trades_long": 1156,
  "trades_short": 994,
  "trades_flat": 1625,
  "trades_total": 3775
}