{
  "model_family": "moirai",
  "model_id": "Salesforce/moirai-1.1-R-small",
  "context_length": 512,
  "horizon": 3,
  "patch_size": 16,
  "num_samples": 5,
  "batch_size": 4,
  "starting_capital": 100000.0,
  "threshold": 0.005,
  "fee_rate": 0.001,
  "runtime_seconds": 78.7246555830352,
  "equity_no_tc": 208502.82808589996,
  "equity_tc": 1252.947288790548,
  "fee": 0.0,
  "cum_fee": 121706.66082247718,
  "final_equity_no_tc": 208502.82808589996,
  "final_equity_tc": 1252.947288790548,
  "total_fees_paid": 121706.66082247718,
  "arc": 0.9720411068668426,
  "asd": 0.6820828330442845,
  "mdd": 0.3179603820549286,
  "ir_star": 1.4251071274267542,
  "ir_starstar": 4.356714822755561,
  "pct_long": 0.2496573537163943,
  "pct_short": 0.17490774907749077,
  "pct_flat": 0.575434897206115,
  "trades_long": 1349,
  "trades_short": 1207,
  "trades_flat": 1660,
  "trades_total": 4216
}