model_family,model_id,context_length,horizon,patch_size,num_samples,batch_size,starting_capital,threshold,fee_rate,runtime_seconds,equity_no_tc,equity_tc,fee,cum_fee,final_equity_no_tc,final_equity_tc,total_fees_paid,arc,asd,mdd,ir_star,ir_starstar,pct_long,pct_short,pct_flat,trades_long,trades_short,trades_flat,trades_total,run_name
moirai,Salesforce/moirai-1.1-R-small,512,3,16,5,4,100000.0,0.005,0.001,78.7246555830352,208502.82808589996,1252.947288790548,0.0,121706.66082247718,208502.82808589996,1252.947288790548,121706.66082247718,0.9720411068668426,0.6820828330442845,0.3179603820549286,1.4251071274267542,4.356714822755561,0.2496573537163943,0.17490774907749077,0.575434897206115,1349,1207,1660,4216,ctx512_h3_ps16_ns5
