variant,threshold,final_equity_no_tc,final_equity_tc,total_fees_paid,arc,asd,mdd,ir_star,ir_starstar,pct_long,pct_short,pct_flat,trades_long,trades_short,trades_flat,trades_total
step1,0.005,201895.68649105227,5251.152027045001,128065.45334735162,1.169472824369362,0.48454370778398625,0.16030066302970558,2.4135548673572353,17.60807955595061,0.1471327967806841,0.13606639839034204,0.7168008048289738,921.0,903.0,1345.0,3169.0
step1,0.01,162166.07632083894,41340.98375350758,84166.2886953853,0.7039138832090193,0.36037325741645604,0.20463785273478508,1.9532911189232873,6.718936492853762,0.05407444668008048,0.0448943661971831,0.9010311871227364,363.0,320.0,600.0,1283.0
step1,0.015,129599.82114675999,62680.79466782046,60793.53444383104,0.3308481682042723,0.2695959137751913,0.17501861250514472,1.227200233013018,2.319850119371037,0.028043259557344064,0.02175553319919517,0.9502012072434608,199.0,164.0,330.0,693.0
step1,0.02,129936.88927829548,84168.07466975093,40254.86645217661,0.33466423290804914,0.21657828466441267,0.10924037095483974,1.545234479193564,4.733915741243388,0.016348088531187122,0.012701207243460765,0.9709507042253521,123.0,94.0,201.0,418.0
step1,0.025,111424.46059396554,87288.24284110732,23040.019622989945,0.12664891197020411,0.17647272948165799,0.11658757215386162,0.7176684598362695,0.7796022158660686,0.007796780684104628,0.008425553319919517,0.9837776659959758,58.0,64.0,113.0,235.0
step1,0.03,111736.81917713219,94448.64137755934,16004.817872578627,0.13013100143103373,0.146165174549209,0.10153069995245645,0.8903010024951116,1.1410909319446596,0.006036217303822937,0.004778672032193159,0.989185110663984,46.0,38.0,78.0,162.0
step1,0.04,109844.77939849414,101802.05062001971,7659.147952968772,0.10905440245679188,0.09449103249190792,0.029350764074611346,1.1541243605961353,4.288213492012989,0.0016348088531187124,0.003143863179074447,0.9952213279678068,13.0,25.0,38.0,76.0
