{
  "context_length": 512,
  "horizon": 1,
  "num_samples": 10,
  "starting_capital": 100000.0,
  "threshold": 0.005,
  "fee_rate": 0.001,
  "runtime_seconds": 311.70017291701515,
  "model_path": "amazon/chronos-t5-mini",
  "equity_no_tc": 527003.2853514772,
  "equity_tc": 3410.510386103924,
  "fee": 0.0,
  "cum_fee": 200810.3580190059,
  "final_equity_no_tc": 527003.2853514772,
  "final_equity_tc": 3410.510386103924,
  "total_fees_paid": 200810.3580190059,
  "arc": 3.6445402184321773,
  "asd": 0.6248762946517794,
  "mdd": 0.3511568965392353,
  "ir_star": 5.8324187517197235,
  "ir_starstar": 60.53272745279974,
  "pct_long": 0.17887635712026984,
  "pct_short": 0.16243280278275535,
  "pct_flat": 0.6586908400969748,
  "trades_long": 1277,
  "trades_short": 1242,
  "trades_flat": 1695,
  "trades_total": 4214
}