{
  "model_family": "moirai",
  "model_id": "Salesforce/moirai-1.1-R-small",
  "context_length": 512,
  "horizon": 1,
  "patch_size": 16,
  "num_samples": 20,
  "batch_size": 4,
  "starting_capital": 100000.0,
  "threshold": 0.005,
  "fee_rate": 0.001,
  "runtime_seconds": 140.68728716718033,
  "equity_no_tc": 299583.1999241129,
  "equity_tc": 2713.5141144965532,
  "fee": 0.0,
  "cum_fee": 228619.69022417316,
  "final_equity_no_tc": 299583.1999241129,
  "final_equity_tc": 2713.5141144965532,
  "total_fees_paid": 228619.69022417316,
  "arc": 1.7560918718257077,
  "asd": 0.6754397463340528,
  "mdd": 0.4738873916435179,
  "ir_star": 2.5999237998013753,
  "ir_starstar": 9.63457802994674,
  "pct_long": 0.23474227890797933,
  "pct_short": 0.1540002108147992,
  "pct_flat": 0.6112575102772214,
  "trades_long": 1267,
  "trades_short": 1084,
  "trades_flat": 1556,
  "trades_total": 3907
}