model_family,model_id,context_length,horizon,patch_size,num_samples,batch_size,starting_capital,threshold,fee_rate,runtime_seconds,equity_no_tc,equity_tc,fee,cum_fee,final_equity_no_tc,final_equity_tc,total_fees_paid,arc,asd,mdd,ir_star,ir_starstar,pct_long,pct_short,pct_flat,trades_long,trades_short,trades_flat,trades_total,run_name
moirai,Salesforce/moirai-1.1-R-small,512,1,16,20,4,100000.0,0.005,0.001,140.68728716718033,299583.1999241129,2713.5141144965532,0.0,228619.69022417316,299583.1999241129,2713.5141144965532,228619.69022417316,1.7560918718257077,0.6754397463340528,0.4738873916435179,2.5999237998013753,9.63457802994674,0.23474227890797933,0.1540002108147992,0.6112575102772214,1267,1084,1556,3907,ctx512_h1_ps16_ns20
