{
  "model_family": "moirai",
  "model_id": "Salesforce/moirai-1.1-R-small",
  "context_length": 512,
  "horizon": 1,
  "patch_size": 16,
  "num_samples": 10,
  "batch_size": 4,
  "starting_capital": 100000.0,
  "threshold": 0.005,
  "fee_rate": 0.001,
  "runtime_seconds": 97.83100479096174,
  "equity_no_tc": 219163.30369065714,
  "equity_tc": 1657.937569439471,
  "fee": 0.0,
  "cum_fee": 168429.45713912958,
  "final_equity_no_tc": 219163.30369065714,
  "final_equity_tc": 1657.937569439471,
  "total_fees_paid": 168429.45713912958,
  "arc": 1.0647308567669898,
  "asd": 0.659832727082204,
  "mdd": 0.40445319348970343,
  "ir_star": 1.6136375373123049,
  "ir_starstar": 4.247932035818243,
  "pct_long": 0.2401180562875514,
  "pct_short": 0.15958680299357014,
  "pct_flat": 0.6002951407188785,
  "trades_long": 1312,
  "trades_short": 1129,
  "trades_flat": 1641,
  "trades_total": 4082
}