model_family,model_id,context_length,horizon,patch_size,num_samples,batch_size,starting_capital,threshold,fee_rate,runtime_seconds,equity_no_tc,equity_tc,fee,cum_fee,final_equity_no_tc,final_equity_tc,total_fees_paid,arc,asd,mdd,ir_star,ir_starstar,pct_long,pct_short,pct_flat,trades_long,trades_short,trades_flat,trades_total,run_name
moirai,Salesforce/moirai-1.1-R-small,512,1,16,10,4,100000.0,0.005,0.001,97.83100479096174,219163.30369065714,1657.937569439471,0.0,168429.45713912958,219163.30369065714,1657.937569439471,168429.45713912958,1.0647308567669898,0.659832727082204,0.40445319348970343,1.6136375373123049,4.247932035818243,0.2401180562875514,0.15958680299357014,0.6002951407188785,1312,1129,1641,4082,ctx512_h1_ps16_ns10
