{
  "context_length": 512,
  "horizon": 20,
  "num_samples": 10,
  "starting_capital": 100000.0,
  "threshold": 0.005,
  "fee_rate": 0.001,
  "runtime_seconds": 1108.9940301250026,
  "model_path": "amazon/chronos-t5-mini",
  "equity_no_tc": 505619.8617540888,
  "equity_tc": 3153.1398621790636,
  "fee": 3.1562961583374007,
  "cum_fee": 213477.0177704627,
  "final_equity_no_tc": 505619.8617540888,
  "final_equity_tc": 3153.1398621790636,
  "total_fees_paid": 213477.0177704627,
  "arc": 3.483591801513387,
  "asd": 0.6362450893267767,
  "mdd": 0.27610670943882776,
  "ir_star": 5.47523565989239,
  "ir_starstar": 69.08012519840868,
  "pct_long": 0.17775665399239543,
  "pct_short": 0.16603295310519645,
  "pct_flat": 0.6562103929024081,
  "trades_long": 1274,
  "trades_short": 1263,
  "trades_flat": 1691,
  "trades_total": 4228
}